"city","latitude","longitude","REG","Libellé","Code","Taux_de_chomage","Taux_bacdeux","Taux_cadres_profs","Taux_activite","Densité","Taux_hlm","Taux_pauvreté","Salaire_mensuel","Densite_cat","LIBELLE","Nom_region","Groupe_region","log_salaire_pred","salaire_pred","residu","erreur_pct","erreur_euro"
"Abbeville",50.1083582944,1.83209170207,32,"Abbeville",3201,7.3,9.7,9.2,74.2,"61,6",12,16.5,2145,"Faible","Hauts-de-France","Hauts-de-France","Autres régions",7.71678137590153,2245.71980787333,-0.0458865445395159,-4.48496769366392,-100.71980787333
"Agen",44.2028139104,0.625583928763,75,"Agen",7501,6.6,12.3,13,76.8,"81,6",9.1,15.9,2323,"Faible","Nouvelle-Aquitaine","Nouvelle-Aquitaine","Nouvelle-Aquitaine",7.7516421335624,2325.38787848387,-0.0010274007919938,-0.10268731964963,-2.38787848387256
"Aix-en-Provence",43.5360708378,5.39857444582,93,"Aix-en-Provence",9301,5.9,12.8,26.5,75.2,"216,3",10,11,2708,"Forte","Provence-Alpes-Côte d'Azur","Provence-Alpes-Côte d'Azur","Autres régions",7.95852251589812,2859.8444547908,-0.0545568818659545,-5.30953543772035,-151.844454790797
"Ajaccio",41.9347926638,8.70132275974,94,"Ajaccio",9401,5.3,11.2,12.5,76.7,"55,4",8.5,14.2,2414,"Faible","Corse","Corse","Corse",7.78277821387573,2398.93031254762,0.00626218778174749,0.628183627242462,15.0696874523805
"Albi",43.9258213622,2.14686328555,76,"Albi",7602,7.7,12.1,13.8,74.5,"74,5",7.2,15.4,2266,"Faible","Occitanie","Occitanie","Occitanie",7.7442019000707,2308.15065371448,-0.0184304584827474,-1.8261656208033,-42.1506537144805
"Alençon",48.4318193082,0.0915406916107,28,"Alençon",51,6.8,9.7,10.8,74.2,"52,7",14.7,15.2,2193,"Faible","Normandie","Normandie","Autres régions",7.74067967171584,2300.03512080491,-0.0476539232979506,-4.65362984402828,-107.035120804909
"Amiens",49.9009532186,2.29007445539,32,"Amiens",3202,8.7,10.9,15.6,72.3,"107,6",16.2,16.3,2418,"Intermédiaire","Hauts-de-France","Hauts-de-France","Autres régions",7.78834831285962,2412.32987564581,0.00234771831511772,0.235047636371477,5.67012435418837
"Ancenis",47.3833270209,-1.18241880879,NA,"Ancenis",5201,4.2,11.8,11.6,79.5,"85,6",8.3,8.6,2428,"Faible","Pays de la Loire","Pays de la Loire","Autres régions",7.75082840941095,2323.49642387117,0.0439947427684412,4.49768611886725,104.50357612883
"Angers",47.476837416,-0.556125995444,52,"Angers",5202,7,12.7,18.3,75.1,"205,9",20,12.2,2398,"Forte","Pays de la Loire","Pays de la Loire","Autres régions",7.81279182582369,2472.02226601267,-0.0304014902362372,-2.99440126532776,-74.0222660126674
"Angoulême",45.6472585146,0.14514490683,75,"Angoulême",7502,7.7,10.8,13.2,75.9,"67,5",9.8,15.4,2351,"Faible","Nouvelle-Aquitaine","Nouvelle-Aquitaine","Nouvelle-Aquitaine",7.75367177251927,2330.11236919523,0.00892427602079463,0.89642160957164,20.8876308047679
"Annecy",45.8906432566,6.12551773598,NA,"Annecy",8401,4.8,13.7,18.5,80.8,"200,7",12,7.8,2647,"Forte","Auvergne-Rhône-Alpes","Auvergne-Rhône-Alpes","Auvergne-Rhône-Alpes",7.88108730448037,2646.74881758292,9.48977467287245e-05,0.00949022496641305,0.251182417084692
"Annecy",45.8906432566,6.12551773598,84,"Annecy",8401,4.8,13.7,18.5,80.8,"200,7",12,7.8,2647,"Forte","Auvergne-Rhône-Alpes","Auvergne-Rhône-Alpes","Auvergne-Rhône-Alpes",7.88108730448037,2646.74881758292,9.48977467287696e-05,0.00949022496641305,0.251182417084692
"Argentan",48.7321880919,-0.0132322590535,28,"Argentan",2801,6.9,8.6,10.3,73.6,"38,4",17.3,15.5,2226,"Très faible","Normandie","Normandie","Autres régions",7.72249571854699,2258.5893558247,-0.0145341867115046,-1.44290752724263,-32.5893558246953
"Arles",43.5468692378,4.66215642574,93,"Arles",52,9.8,11.1,13.1,71.7,"73,6",13.3,20.9,2329,"Faible","Provence-Alpes-Côte d'Azur","Provence-Alpes-Côte d'Azur","Autres régions",7.73794026127813,2293.74300286953,0.0152540086062043,1.53709448209152,35.2569971304679
"Arras",50.2898964997,2.76587316711,32,"Arras",3203,5.9,12.6,14.4,74.7,"127,7",15.5,13.7,2344,"Intermédiaire","Hauts-de-France","Hauts-de-France","Autres régions",7.78740416305214,2410.05334971803,-0.0277900123552449,-2.74074222156766,-66.0533497180277
"Aubenas",44.6102127084,4.39638981424,84,"Aubenas",8402,9.4,11.5,11.1,74.8,"48,1",7.5,17.2,2154,"Très faible","Auvergne-Rhône-Alpes","Auvergne-Rhône-Alpes","Auvergne-Rhône-Alpes",7.70976863994585,2230.02625950108,-0.0346867822295232,-3.40920915963061,-76.0262595010786
"Auch",43.6534300414,0.575190250459,76,"Auch",7604,5.7,11.1,11.7,75.9,"29,2",5.9,16,2159,"Très faible","Occitanie","Occitanie","Occitanie",7.71387736107601,2239.2076645143,-0.0364769305612059,-3.58196632609749,-80.2076645142961
"Auray",47.6677057368,-2.99041112225,53,"Auray",5301,5.9,13.2,11.9,75.7,"159,3",7,9.7,2177,"Intermédiaire","Bretagne","Bretagne","Bretagne",7.7296509056053,2274.80793945862,-0.0439478443707578,-4.29961306895631,-97.8079394586184
"Aurillac",44.9245233686,2.44162453828,84,"Aurillac",8403,4.5,11,10.6,75.9,"40",9.4,12.8,2193,"Très faible","Auvergne-Rhône-Alpes","Auvergne-Rhône-Alpes","Auvergne-Rhône-Alpes",7.71917220989895,2251.09537462194,-0.0261464614810663,-2.5807602501824,-58.0953746219375
"Autun",46.945536773,4.31060069532,27,"Autun",2701,7.1,8.9,10,75.3,"26,6",13.4,16.1,2146,"Très faible","Bourgogne-Franche-Comté","Bourgogne-Franche-Comté","Autres régions",7.7416760666114,2302.32800617885,-0.0703151434207622,-6.78999715762943,-156.328006178851
"Auxerre",47.793488225,3.58168281761,27,"Auxerre",2702,7.3,9.9,10.8,75.3,"48,2",12.2,14.9,2304,"Très faible","Bourgogne-Franche-Comté","Bourgogne-Franche-Comté","Autres régions",7.74162559755872,2302.21181279751,0.000776424257062517,0.0776725752403395,1.78818720248728
"Avallon",47.4824789933,3.91585953972,27,"Avallon",2703,6.4,8.4,8.7,72.2,"16,6",5.8,15.7,2160,"Très faible","Bourgogne-Franche-Comté","Bourgogne-Franche-Comté","Autres régions",7.68678024289374,2179.34628793435,-0.00891674221552985,-0.887710596588531,-19.3462879343519
"Avignon",43.9352448339,4.84071572505,93,"Avignon",53,10,11.6,16.2,74,"425,3",14.2,20.3,2440,"Forte","Provence-Alpes-Côte d'Azur","Provence-Alpes-Côte d'Azur","Autres régions",7.80914571368945,2463.02540737728,-0.00939239540220718,-0.934842462782404,-23.0254073772821
"Avranches",48.6884746717,-1.35732338245,28,"Avranches",2802,5,9.6,8.5,76.9,"58,4",8.8,12.5,2289,"Faible","Normandie","Normandie","Autres régions",7.71730145075707,2246.88805403937,0.0185688691954976,1.87423427192657,42.1119459606298
"Bagnols-sur-Cèze",44.1622496736,4.62477380854,76,"Bagnols-sur-Cèze",7605,8.5,12.8,17.1,73.5,"99,2",9.5,17.5,2744,"Intermédiaire","Occitanie","Occitanie","Occitanie",7.78925705591321,2414.52306003289,0.127914932932562,13.6456323578298,329.47693996711
"Bar-le-Duc",48.7642280465,5.16346492169,44,"Bar-le-Duc",4401,7.4,10.4,10.6,74.7,"31,5",13.9,14,2338,"Très faible","Grand Est","Grand Est","Autres régions",7.75499963298527,2333.20848844388,0.00205150904673676,0.205361483118915,4.79151155612499
"Bastia",42.6864768806,9.42502133338,94,"Bastia",9402,6.5,9.9,12.1,70.9,"94,7",10.8,19.6,2299,"Intermédiaire","Corse","Corse","Corse",7.75041860426038,2322.54443814699,-0.0101890794971983,-1.0137346679048,-23.5444381469906
"Bayonne",43.4922254016,-1.46607674358,75,"Bayonne",7503,5.8,13.1,14.9,77.1,"163,8",11.2,11.7,2347,"Forte","Nouvelle-Aquitaine","Nouvelle-Aquitaine","Nouvelle-Aquitaine",7.78417440378803,2402.2820141118,-0.0232812079370052,-2.30122915573824,-55.2820141117963
"Beaune",47.0255189366,4.83767985985,27,"Beaune",2704,4.3,11.8,11.9,79.6,"53,6",8.9,9.1,2477,"Faible","Bourgogne-Franche-Comté","Bourgogne-Franche-Comté","Autres régions",7.78798797818678,2411.46078614024,0.0268154513025773,2.71782208678009,65.5392138597604
"Beaune",47.0255189366,4.83767985985,NA,"Beaune",2704,4.3,11.8,11.9,79.6,"53,6",8.9,9.1,2477,"Faible","Bourgogne-Franche-Comté","Bourgogne-Franche-Comté","Autres régions",7.78798797818678,2411.46078614024,0.0268154513025773,2.71782208678009,65.5392138597604
"Beauvais",49.4365523321,2.08616123661,32,"Beauvais",54,7.7,10.7,13.1,75.5,"99,1",15.9,13.3,2433,"Intermédiaire","Hauts-de-France","Hauts-de-France","Autres régions",7.78768228432343,2410.72373003872,0.00919805846008542,0.924049059778609,22.2762699612827
"Belfort",47.6471539414,6.84541206237,27,"Belfort",2705,8.6,11.4,16.7,74.3,"149,1",15.8,15.4,2559,"Intermédiaire","Bourgogne-Franche-Comté","Bourgogne-Franche-Comté","Autres régions",7.81619129600038,2480.44013201761,0.0311805401594093,3.16717452553426,78.5598679823902
"Belley",45.7494697806,5.68412365526,84,"Belley",8404,5.4,11.2,12.3,76.7,"49,1",10.5,11.2,2376,"Très faible","Auvergne-Rhône-Alpes","Auvergne-Rhône-Alpes","Auvergne-Rhône-Alpes",7.74982900736894,2321.17547677338,0.0233446731135902,2.36192928002272,54.8245232266177
"Berck",50.4141574341,1.58229663833,32,"Berck",3204,6,10.4,9.5,73,"84,3",10.6,16,2236,"Faible","Hauts-de-France","Hauts-de-France","Autres régions",7.70400017946546,2217.19947212866,0.00844365480952971,0.847940300711314,18.8005278713376
"Bergerac",44.8543751872,0.486529423457,75,"Bergerac",7504,7.8,10.3,9.3,73.6,"55,3",5.8,18,2207,"Faible","Nouvelle-Aquitaine","Nouvelle-Aquitaine","Nouvelle-Aquitaine",7.68045541705736,2165.60580112451,0.0189339891993755,1.91143738412596,41.3941988754941
"Bernay",49.0925877345,0.58959175237,28,"Bernay",2803,6.5,9.3,9.8,76.3,"63",9.9,12.8,2350,"Faible","Normandie","Normandie","Autres régions",7.73324907408261,2283.00782511649,0.0289215330555883,2.93438218417352,66.9921748835059
"Besançon",47.2553872249,6.01948696494,27,"Besançon",2706,6,12.5,17,74.5,"88",12.4,13.4,2396,"Intermédiaire","Bourgogne-Franche-Comté","Bourgogne-Franche-Comté","Autres régions",7.80733524006549,2458.57019907758,-0.0257792808301544,-2.54498322240545,-62.5701990775847
"Béthune",50.5288922584,2.64242379342,32,"Béthune",3205,8.8,10.9,11.2,72.1,"363,8",18.4,18.5,2367,"Forte","Hauts-de-France","Hauts-de-France","Autres régions",7.73921196818112,2296.66182723115,0.0301666413328565,3.06262645788185,70.3381727688538
"Béziers",43.3475883319,3.23076754164,76,"Béziers",7606,11,9.9,11.9,70.6,"112,9",7.9,23.4,2215,"Intermédiaire","Occitanie","Occitanie","Occitanie",7.71171309250891,2234.36665825924,-0.00870541002967587,-0.866762766426621,-19.3666582592418
"Blois",47.5817013938,1.30625551583,24,"Blois",2401,6.1,11.5,14.7,76,"80,8",13.4,13.2,2405,"Faible","Centre-Val de Loire","Centre-Val de Loire","Autres régions",7.78578637011175,2406.15753458369,-0.000481187571893377,-0.048107181971746,-1.15753458368908
"Bordeaux",44.8572445351,-0.57369678116,75,"Bordeaux",7505,6.7,13.1,24.1,76.2,"321",15,12.6,2642,"Forte","Nouvelle-Aquitaine","Nouvelle-Aquitaine","Nouvelle-Aquitaine",7.89410234006261,2681.42149122597,-0.0148108549803394,-1.47017137570369,-39.4214912259713
"Boulogne-sur-Mer",50.7271332663,1.60756334802,32,"Boulogne-sur-Mer",3206,7.9,10.4,10.5,72.8,"206,8",21.9,18.3,2233,"Forte","Hauts-de-France","Hauts-de-France","Autres régions",7.7486449286131,2318.42864875404,-0.0375436767729468,-3.68476505843511,-85.428648754038
"Bourg-en-Bresse",46.2051520382,5.24602125501,84,"Bourg-en-Bresse",8405,5.6,12.7,13.3,78.3,"103,6",14.1,10.8,2450,"Intermédiaire","Auvergne-Rhône-Alpes","Auvergne-Rhône-Alpes","Auvergne-Rhône-Alpes",7.80955944213216,2464.04464187204,-0.00571613859338926,-0.569983255715911,-14.0446418720358
"Bourges",47.0749572013,2.40417137557,24,"Bourges",2402,6.7,11.4,14.1,75.2,"50,9",13.1,14.1,2358,"Faible","Centre-Val de Loire","Centre-Val de Loire","Autres régions",7.77397208391469,2377.89776404464,-0.00840300281737152,-0.836779627177764,-19.897764044641
"Bourgoin-Jallieu",45.6022027954,5.27393762111,84,"Bourgoin-Jallieu",8406,6.1,12.6,14,78,"204",16.4,11.7,2506,"Forte","Auvergne-Rhône-Alpes","Auvergne-Rhône-Alpes","Auvergne-Rhône-Alpes",7.81610632953026,2480.22938672853,0.0103368059257509,1.03904152613339,25.7706132714729
"Bressuire",46.8545755683,-0.479375922286,75,"Bressuire",7506,5.5,10.3,9,77.7,"49,8",7.2,13.9,2158,"Très faible","Nouvelle-Aquitaine","Nouvelle-Aquitaine","Nouvelle-Aquitaine",7.69657059571581,2200.78764497555,-0.0196334498977338,-1.94419689120084,-42.7876449755468
"Brest",48.4004997828,-4.5027907853,53,"Brest",5302,6.1,13.7,19.7,73.6,"235,3",11.3,10.6,2452,"Forte","Bretagne","Bretagne","Bretagne",7.78876705645967,2413.34023486843,0.0158922405964251,1.60191938844791,38.6597651315719
"Briançon",44.8994986041,6.64947524018,93,"Briançon",9302,5.3,13.8,9.2,79.3,"15,7",9,14.8,2205,"Très faible","Provence-Alpes-Côte d'Azur","Provence-Alpes-Côte d'Azur","Autres régions",7.70268778162979,2214.29153294412,-0.00420499374884493,-0.419616514171006,-9.2915329441239
"Brignoles",43.3992941902,6.07740244296,93,"Brignoles",9303,8.5,11.6,11.5,74.7,"95,8",4.8,15.2,2181,"Intermédiaire","Provence-Alpes-Côte d'Azur","Provence-Alpes-Côte d'Azur","Autres régions",7.72523663587635,2264.78845425718,-0.0376978696747218,-3.69961503908584,-83.7884542571783
"Brive-la-Gaillarde",45.1435830664,1.51936836063,75,"Brive-la-Gaillarde",7507,6.5,11.4,11.7,76,"90,3",7.5,13.6,2308,"Intermédiaire","Nouvelle-Aquitaine","Nouvelle-Aquitaine","Nouvelle-Aquitaine",7.74038354098749,2299.35411056837,0.0037530866404986,0.376013828922228,8.6458894316288
"Caen",49.1847936737,-0.369801713036,28,"Caen",2804,6.9,11.6,16.1,74.5,"162,1",16.7,12,2374,"Forte","Normandie","Normandie","Autres régions",7.81570764090719,2479.24074458271,-0.043376065737577,-4.24487798583774,-105.240744582711
"Cahors",44.4507370916,1.44075837848,76,"Cahors",7607,8.3,11.4,11.9,75.4,"36,5",6.9,15.7,2144,"Très faible","Occitanie","Occitanie","Occitanie",7.71376272593561,2238.95098734167,-0.0433342037449146,-4.24086940171958,-94.9509873416714
"Calais",50.9502072754,1.87575566132,32,"Calais",3207,11.4,10.3,10.7,71,"267,5",17.9,20.4,2311,"Forte","Hauts-de-France","Hauts-de-France","Autres régions",7.72561954372843,2265.65582559066,0.0198160665459485,2.00137081268812,45.3441744093398
"Calvi",42.5454874755,8.7595487404,94,"Calvi",9403,7.7,8.4,8,74.7,"24,8",6.1,20.3,2095,"Très faible","Corse","Corse","Corse",7.6691845823094,2141.33465100515,-0.0218757499531624,-2.16382110023782,-46.3346510051533
"Cambrai",50.1702775977,3.24221021072,32,"Cambrai",3208,10,10.4,9.7,74.3,"173,7",9.7,19,2224,"Forte","Hauts-de-France","Hauts-de-France","Autres régions",7.71935794334639,2251.5135171567,-0.0122952879759209,-1.2220009761011,-27.5135171567031
"Cannes",43.5526202843,7.00427592728,93,"Cannes",9304,7.1,11,22.7,76.3,"350,8",9.6,14.8,2862,"Forte","Provence-Alpes-Côte d'Azur","Provence-Alpes-Côte d'Azur","Autres régions",7.91538446969066,2739.09942867578,0.0438914904257385,4.4868970449766,122.900571324225
"Carhaix-Plouguer",48.2687578823,-3.56626363851,53,"Carhaix-Plouguer",5303,7.4,10.6,8.5,72.4,"30,3",5,17.5,2148,"Très faible","Bretagne","Bretagne","Bretagne",7.64523296250752,2090.65556346944,0.0270594931212308,2.74289258989147,57.3444365305572
"Carpentras",44.0593802565,5.06134844776,93,"Carpentras",9305,9.5,11.4,12.1,75.6,"158",8.8,18.9,2227,"Intermédiaire","Provence-Alpes-Côte d'Azur","Provence-Alpes-Côte d'Azur","Autres régions",7.75311597937302,2328.81766853664,-0.0447053121156571,-4.37207557775958,-101.817668536641
"Cavaillon",43.8508361826,5.03606300916,93,"Cavaillon",9306,8.6,10.7,12.8,75,"83,1",9.8,18,2331,"Faible","Provence-Alpes-Côte d'Azur","Provence-Alpes-Côte d'Azur","Autres régions",7.75224784002139,2326.79680759719,0.00180479901436199,0.180642864434311,4.20319240280969
"Challans",46.8354416653,-1.84036683139,52,"Challans",5203,6.2,9.8,8.5,76.1,"124,7",3.9,9.5,2162,"Intermédiaire","Pays de la Loire","Pays de la Loire","Autres régions",7.69996197891345,2208.26402969325,-0.0211729807142973,-2.09504067770719,-46.2640296932495
"Chalon-sur-Saône",46.7900288793,4.85191555008,27,"Chalon-sur-Saône",2707,6.8,11.5,12.5,77.3,"105,9",12.6,12.3,2456,"Intermédiaire","Bourgogne-Franche-Comté","Bourgogne-Franche-Comté","Autres régions",7.79685877043265,2432.94751503644,0.00943051883437861,0.94751262906756,23.0524849635558
"Châlons-en-Champagne",48.9640892125,4.37883539725,44,"Châlons-en-Champagne",4402,7.2,11.1,12.8,76.1,"40,4",23.8,14.3,2339,"Très faible","Grand Est","Grand Est","Autres régions",7.80910561326021,2462.9266409815,-0.0516268466760301,-5.03168218327924,-123.926640981504
"Chambéry",45.583182552,5.90903392417,84,"Chambéry",8407,5.6,13.2,18.7,77.3,"233,8",15.1,10.7,2575,"Forte","Auvergne-Rhône-Alpes","Auvergne-Rhône-Alpes","Auvergne-Rhône-Alpes",7.86521063604652,2605.05908691293,-0.0116058229486878,-1.15387351726272,-30.0590869129342
"Charleville-Mézières",49.7752965803,4.71724655966,44,"Charleville-Mézières",4403,10.5,10.3,10.2,73.1,"74,8",19.2,20.2,2344,"Faible","Grand Est","Grand Est","Autres régions",7.77092122609263,2370.65419122498,-0.0113070753957279,-1.12433906740363,-26.6541912249841
"Chartres",48.4471464884,1.50570610616,24,"Chartres",2403,6.1,12.4,15.7,79,"97,8",16.9,10.2,2494,"Intermédiaire","Centre-Val de Loire","Centre-Val de Loire","Autres régions",7.83628795267455,2530.79295274875,-0.0146448264345743,-1.45381125345668,-36.7929527487499
"Château-Thierry",49.0564070801,3.38160004843,32,"Château-Thierry",3209,8.8,9.8,9.4,76.4,"58,8",11.8,14.5,2302,"Faible","Hauts-de-France","Hauts-de-France","Autres régions",7.73597281206889,2289.23461647724,0.00556077721293143,0.557626703304259,12.765383522762
"Châteaubriant",47.7221583524,-1.38664809937,52,"Châteaubriant",5205,5.5,10.6,9.4,77.1,"52,1",6.2,13.4,2215,"Faible","Pays de la Loire","Pays de la Loire","Autres régions",7.70859973165936,2227.42108622819,-0.00559204918012474,-0.557644277724723,-12.4210862281852
"Châteaudun",48.0762457334,1.32636728625,24,"Châteaudun",2404,7.2,8.9,9,74,"39,1",10.4,13.4,2226,"Très faible","Centre-Val de Loire","Centre-Val de Loire","Autres régions",7.70686388819694,2223.55798573649,0.00109764363854636,0.109824626979815,2.44201426351492
"Châteauroux",46.8029617828,1.69399812001,24,"Châteauroux",2405,7,9.4,10.6,74.6,"33,1",13.9,15.6,2268,"Très faible","Centre-Val de Loire","Centre-Val de Loire","Autres régions",7.73236306790891,2280.98596191274,-0.00570940306127223,-0.569313539389293,-12.9859619127383
"Châtellerault",46.8156700185,0.552598976936,75,"Châtellerault",7508,7.6,10.4,12.7,75.1,"68,9",9.7,15.6,2423,"Faible","Nouvelle-Aquitaine","Nouvelle-Aquitaine","Nouvelle-Aquitaine",7.74243504091487,2304.0760772603,0.0503266799016491,5.16145816162052,118.923922739698
"Chaumont",46.8416938785,2.75008563898,84,"Chaumont",4404,5.7,9.9,10,75.8,"22,8",14.9,13.8,2231,"Très faible","Auvergne-Rhône-Alpes","Auvergne-Rhône-Alpes","Auvergne-Rhône-Alpes",7.72930017778186,2274.01024091698,-0.0190949833493341,-1.89138290334351,-43.0102409169845
"Chaumont",46.8416938785,2.75008563898,24,"Chaumont",4404,5.7,9.9,10,75.8,"22,8",14.9,13.8,2231,"Très faible","Centre-Val de Loire","Centre-Val de Loire","Autres régions",7.73831729335585,2294.60798061158,-0.0281120989233171,-2.77206307783457,-63.607980611579
"Chaumont",46.8416938785,2.75008563898,28,"Chaumont",4404,5.7,9.9,10,75.8,"22,8",14.9,13.8,2231,"Très faible","Normandie","Normandie","Autres régions",7.72559922417906,2265.60978895299,-0.0153940297465317,-1.52761473408809,-34.6097889529879
"Chaumont",46.8416938785,2.75008563898,44,"Chaumont",4404,5.7,9.9,10,75.8,"22,8",14.9,13.8,2231,"Très faible","Grand Est","Grand Est","Autres régions",7.76339851826467,2352.88736349728,-0.0531933238321381,-5.18033142547518,-121.887363497284
"Chaumont",46.8416938785,2.75008563898,27,"Chaumont",4404,5.7,9.9,10,75.8,"22,8",14.9,13.8,2231,"Très faible","Bourgogne-Franche-Comté","Bourgogne-Franche-Comté","Autres régions",7.74637698120945,2313.17653253245,-0.0361717867769234,-3.55254047309944,-82.1765325324536
"Cherbourg-en-Cotentin",49.633412156,-1.63390160204,28,"Cherbourg-en-Cotentin",2805,5.3,11.2,14.2,76,"117,7",20.5,11,2562,"Intermédiaire","Normandie","Normandie","Autres régions",7.82155141468537,2493.77128187102,0.0269920677713031,2.73596534794454,68.228718128983
"Chinon",47.1723001595,0.245084664558,24,"Chinon",2406,5.9,10.6,11.8,75.1,"52,5",10.2,13.5,2603,"Faible","Centre-Val de Loire","Centre-Val de Loire","Autres régions",7.74957960586423,2320.59664430061,0.114840299130334,12.1694287713882,282.403355699387
"Cholet",47.0454402992,-0.877886189605,52,"Cholet",5206,4.9,12.1,12.3,79.6,"115,9",11.7,9.2,2370,"Intermédiaire","Pays de la Loire","Pays de la Loire","Autres régions",7.7781428223907,2387.83606436048,-0.00749758826152218,-0.746955145987183,-17.8360643604783
"Clermont-Ferrand",45.7856492991,3.11554542903,84,"Clermont-Ferrand",8408,6.5,12.3,20.4,74.2,"175,9",14.1,13.2,2584,"Forte","Auvergne-Rhône-Alpes","Auvergne-Rhône-Alpes","Auvergne-Rhône-Alpes",7.86215494157278,2597.11097194724,-0.00506107667028681,-0.504829100059923,-13.1109719472388
"Cognac",45.6962326551,-0.33507941815,75,"Cognac",7509,6.5,9.9,11.1,77.4,"51,7",4.7,13.7,2474,"Faible","Nouvelle-Aquitaine","Nouvelle-Aquitaine","Nouvelle-Aquitaine",7.73078199388619,2277.38240375894,0.0828095590662404,8.63349062136138,196.617596241063
"Colmar",48.1099405789,7.38468690323,44,"Colmar",4405,5.5,12.7,14.4,78.3,"174,5",14,11.3,2528,"Forte","Grand Est","Grand Est","Autres régions",7.83105141049321,2517.57498712127,0.00413234477353519,0.414089468320178,10.4250128787321
"Compiègne",49.3990601478,2.85317249363,32,"Compiègne",3210,7.6,11.2,15.4,75.1,"135,1",16.3,13,2554,"Intermédiaire","Hauts-de-France","Hauts-de-France","Autres régions",7.80829541350086,2460.93198655307,0.0371206230916236,3.78181981279742,93.068013446933
"Corte",42.2700703225,9.0828946136,94,"Corte",9404,6.2,7.1,15.6,59.4,"12,2",2.8,21.1,2179,"Très faible","Corse","Corse","Corse",7.67973709136675,2164.05074942548,0.00688424357787261,0.690799445368384,14.9492505745216
"Cosne-Cours-sur-Loire",47.4029099422,2.94284103771,27,"Cosne-Cours-sur-Loire",56,6.5,8.8,9.3,73.9,"24,3",6.7,15.9,2353,"Très faible","Bourgogne-Franche-Comté","Bourgogne-Franche-Comté","Autres régions",7.70667879914792,2223.14646758838,0.0567675895794427,5.8409796342606,129.853532411621
"Coulommiers",48.8122991656,3.09124381847,11,"Coulommiers",1102,5.9,10.9,11.1,78.3,"111,1",9.4,10.6,2330,"Intermédiaire","Île-de-France","Île-de-France","Île-de-France",7.76092043370384,2347.06392811118,-0.00729688714409174,-0.72703294984009,-17.0639281111794
"Coutances",49.0566189539,-1.44345003609,28,"Coutances",2806,5.4,9.4,9,75.5,"65,8",10.3,12.8,2183,"Faible","Normandie","Normandie","Autres régions",7.71710152015845,2246.4388772693,-0.028646163608513,-2.82397522190371,-63.4388772692969
"Creil",49.2533487138,2.48472669359,32,"Creil",3211,7.4,11.7,14.8,74.6,"258,2",21.8,15,2466,"Forte","Hauts-de-France","Hauts-de-France","Autres régions",7.80441667408031,2451.40516062712,0.00593600964397911,0.595366266143715,14.59483937288
"Dax",43.7006746973,-1.06014429759,75,"Dax",7510,7.1,11.9,11.2,76.9,"63,2",6.4,12.1,2265,"Faible","Nouvelle-Aquitaine","Nouvelle-Aquitaine","Nouvelle-Aquitaine",7.72559597014497,2265.6024165935,-0.000265932227840019,-0.0265896870997429,-0.6024165934964
"Digne-les-Bains",44.0908723554,6.23590323452,93,"Digne-les-Bains",9307,8.2,11.6,11.3,73.6,"17,3",9,16.9,2234,"Très faible","Provence-Alpes-Côte d'Azur","Provence-Alpes-Côte d'Azur","Autres régions",7.69536698492604,2198.14034669804,0.0161819947031033,1.63136322736763,35.8596533019631
"Dijon",47.3229437965,5.03788805877,27,"Dijon",2711,6.1,13,19.6,74.7,"99,7",13,12,2488,"Intermédiaire","Bourgogne-Franche-Comté","Bourgogne-Franche-Comté","Autres régions",7.83041749741255,2515.97956913697,-0.0111830435534807,-1.11207457644695,-27.9795691369718
"Dinan",48.4557709953,-2.04816149693,53,"Dinan",5304,5.9,11.8,10.1,77.2,"97,9",8.1,10.5,2139,"Intermédiaire","Bretagne","Bretagne","Bretagne",7.73284644534435,2282.08880558067,-0.0647527362619437,-6.27008051705783,-143.088805580671
"Dole",47.0755452538,5.50062446099,27,"Dole",2712,5.9,11.2,11.1,75.7,"67,7",11.1,12.8,2422,"Faible","Bourgogne-Franche-Comté","Bourgogne-Franche-Comté","Autres régions",7.75755883835525,2339.18729537098,0.0347900857577809,3.54023402883976,82.8127046290197
"Douai",50.3823195335,3.09145683114,32,"Douai",3212,11.4,10.2,12,71.3,"518,8",23.8,20,2316,"Forte","Hauts-de-France","Hauts-de-France","Autres régions",7.75822118465129,2340.73716062889,-0.0106243459584024,-1.05681069386894,-24.7371606288903
"Draguignan",43.5357513285,6.45436569191,93,"Draguignan",9308,8.4,11.1,11.5,73.7,"84,7",8.8,18.3,2228,"Faible","Provence-Alpes-Côte d'Azur","Provence-Alpes-Côte d'Azur","Autres régions",7.71799415179951,2248.44501492862,-0.00913455075233964,-0.909295748522854,-20.4450149286199
"Dreux",48.7485203213,1.35931854112,24,"Dreux",57,8.1,11,12.4,76,"103,6",13.6,13.6,2350,"Intermédiaire","Centre-Val de Loire","Centre-Val de Loire","Autres régions",7.78118506040843,2395.11149119434,-0.0190144532702261,-1.88348189051729,-45.1114911943441
"Dunkerque",51.0307229078,2.33752414095,32,"Dunkerque",3213,8.4,11.2,12.3,73,"274,6",24.4,16.6,2584,"Forte","Hauts-de-France","Hauts-de-France","Autres régions",7.7734728928138,2376.71103486897,0.0836209720886919,8.72167302166176,207.288965131025
"Épernay",49.037000689,3.93144626202,44,"Épernay",4406,4.6,11,11.1,78.7,"62,1",12.1,11.1,2786,"Faible","Grand Est","Grand Est","Autres régions",7.80248372820851,2446.67130376025,0.129878426131235,13.8689939967922,339.328696239747
"Épinal",48.1631202656,6.47989286928,44,"Épinal",4407,7.5,10.8,11.2,75,"56,9",13.4,15.4,2357,"Faible","Grand Est","Grand Est","Autres régions",7.77733987942405,2385.91953772085,-0.0121949764879199,-1.21209191104911,-28.9195377208548
"Étampes",48.4211282308,2.13838881712,11,"Étampes",1103,5.3,13.1,17.4,77.9,"148,2",9.9,9.8,2634,"Intermédiaire","Île-de-France","Île-de-France","Île-de-France",7.85268739622006,2572.63873483759,0.0235714860831667,2.38514892633321,61.3612651624112
"Évreux",49.02015421,1.14164412464,28,"Évreux",2808,7.6,11.6,13.2,76.1,"98,6",16.2,13.9,2357,"Intermédiaire","Normandie","Normandie","Autres régions",7.79641262473757,2431.86230807445,-0.0312677218014384,-3.07839419303831,-74.8623080744514
"Flers",48.7399319125,-0.562509564641,32,"Flers",2809,7.1,9,9.4,74.7,"58,5",10.7,14.9,2259,"Faible","Hauts-de-France","Hauts-de-France","Autres régions",7.72187903794367,2257.1969569549,0.000798478524329823,0.0798797393173789,1.80304304509536
"Flers",48.7399319125,-0.562509564641,32,"Flers",2809,7.1,9,9.4,74.7,"58,5",10.7,14.9,2259,"Faible","Hauts-de-France","Hauts-de-France","Autres régions",7.72187903794367,2257.1969569549,0.000798478524329823,0.0798797393173789,1.80304304509536
"Flers",48.7399319125,-0.562509564641,28,"Flers",2809,7.1,9,9.4,74.7,"58,5",10.7,14.9,2259,"Faible","Normandie","Normandie","Autres régions",7.71821220663611,2248.93535269728,0.00446530983188626,0.447529418337855,10.0646473027205
"Fontenay-le-Comte",46.4563186117,-0.793449510859,52,"Fontenay-le-Comte",5207,6.5,9.9,7.8,75.4,"61,5",6.7,11.8,2157,"Faible","Pays de la Loire","Pays de la Loire","Autres régions",7.68314850437711,2171.44582696719,-0.00667485798795322,-0.665263060573995,-14.4458269671882
"Forbach",49.1912650369,6.89275798526,44,"Forbach",4408,11.3,8.3,10,68.3,"517,1",19.3,22.3,2268,"Forte","Grand Est","Grand Est","Autres régions",7.74230082249132,2303.76684855403,-0.0156471576436812,-1.55253768741745,-35.7668485540307
"Fougères",48.3524697115,-1.19431177241,53,"Fougères",5305,5.2,11.1,10.6,77.8,"85",11.1,10.9,2251,"Faible","Bretagne","Bretagne","Bretagne",7.74130953784215,2301.48429136064,-0.0221796969354185,-2.1935535927902,-50.4842913606435
"Fréjus",43.4719558114,6.76361597424,93,"Fréjus",9309,8.5,11.4,12.1,74.6,"330,8",8.2,14.9,2279,"Forte","Provence-Alpes-Côte d'Azur","Provence-Alpes-Côte d'Azur","Autres régions",7.73677217745354,2291.06528297522,-0.00528014820786125,-0.526623272801496,-12.065282975223
"Gap",44.5798600596,6.06486052138,93,"Gap",9310,6.5,12.6,11.4,76.2,"32",10.3,14.6,2179,"Très faible","Provence-Alpes-Côte d'Azur","Provence-Alpes-Côte d'Azur","Autres régions",7.71816124236843,2248.82074027455,-0.0315399074238093,-3.10477127074272,-69.8207402745479
"Ghisonaccia",42.0437178075,9.42260770968,94,"Ghisonaccia",9405,8.2,8.7,7.8,71.6,"19,3",4.2,22.4,2143,"Très faible","Corse","Corse","Corse",7.6340511051841,2067.40836688752,0.0359108902894703,3.6563474504208,75.5916331124781
"Gien",47.71227944,2.66549550204,24,"Gien",2407,7.3,9.9,10.8,75.6,"33,1",11.3,14.9,2497,"Très faible","Centre-Val de Loire","Centre-Val de Loire","Autres régions",7.73337752638639,2283.30110156679,0.0894677638933803,9.3592079593259,213.698898433215
"Granville",48.8327078372,-1.56670866413,28,"Granville",2810,6.5,10.2,10.1,75,"118,4",9.1,10.4,2261,"Intermédiaire","Normandie","Normandie","Autres régions",7.73289782924486,2282.20607121756,-0.00933535696688875,-0.929191780050387,-21.2060712175644
"Grenoble",45.1821215167,5.72133051752,84,"Grenoble",8409,6.2,12.6,27.9,74.8,"183,6",14.7,12.9,2913,"Forte","Auvergne-Rhône-Alpes","Auvergne-Rhône-Alpes","Auvergne-Rhône-Alpes",7.96400906850402,2875.57826455561,0.0129296884554091,1.3013638302128,37.4217354443877
"Guéret",46.1632121428,1.87078672735,75,"Guéret",7511,7.1,9.4,10.3,73.8,"21,3",7.5,19.2,2135,"Très faible","Nouvelle-Aquitaine","Nouvelle-Aquitaine","Nouvelle-Aquitaine",7.68378064722673,2172.81892487133,-0.0175587215640037,-1.74054655169067,-37.8189248713302
"Guingamp",48.5612759498,-3.15330223539,53,"Guingamp",5306,7.2,11.5,9.5,73.7,"66,4",6.7,14.6,2233,"Faible","Bretagne","Bretagne","Bretagne",7.68431343285773,2173.97688001681,0.0267878189824273,2.7149837942497,59.0231199831915
"Haguenau",48.8417047695,7.83010404968,44,"Haguenau",4409,4.8,11.6,12.5,79,"156,9",4.5,9,2509,"Intermédiaire","Grand Est","Grand Est","Autres régions",7.8055917387507,2454.2874133092,0.0220478076157155,2.22926566766792,54.7125866907973
"Issoire",45.5455577894,3.24499324643,84,"Issoire",8410,6.3,10.6,10.4,77.1,"40,8",6.8,13.9,2258,"Très faible","Auvergne-Rhône-Alpes","Auvergne-Rhône-Alpes","Auvergne-Rhône-Alpes",7.72073197939648,2254.60930427102,0.00150276531312396,0.150389503074955,3.39069572897506
"L'Aigle",48.7561549553,0.611126420423,28,"L'Aigle",2812,7.1,8.4,8.6,74.8,"34,9",12.8,16.9,2295,"Très faible","Normandie","Normandie","Autres régions",7.69878311747705,2205.66232621251,0.0397050050175949,4.05037855186572,89.3376737874937
"La Ferté-Bernard",48.1842560568,0.634694806211,52,"La Ferté-Bernard",5208,5.9,8.7,8.2,77,"50,1",7.8,11.9,2208,"Très faible","Pays de la Loire","Pays de la Loire","Autres régions",7.68950626680683,2185.29534297926,0.0103361405901584,1.03897430128528,22.7046570207385
"La Flèche",47.6893893794,-0.0646954849714,52,"La Flèche",5209,6.8,8.7,9.3,75.9,"46",12.1,13.3,2222,"Très faible","Pays de la Loire","Pays de la Loire","Autres régions",7.70271109861797,2214.34316415557,0.00345187158160265,0.345783615131423,7.65683584443286
"La Roche-sur-Yon",46.6675261644,-1.4077954093,52,"La Roche-sur-Yon",5210,5.3,13.1,13.1,78,"123,5",10.9,9.3,2343,"Intermédiaire","Pays de la Loire","Pays de la Loire","Autres régions",7.76716510197978,2361.76642208549,-0.00797766347199056,-0.794592636680913,-18.7664220854936
"La Rochelle",46.1620643972,-1.17465702836,75,"La Rochelle",7512,6.6,12.4,16.4,75.5,"200,1",13,11.1,2378,"Forte","Nouvelle-Aquitaine","Nouvelle-Aquitaine","Nouvelle-Aquitaine",7.79584045616439,2430.47127087932,-0.021825378913667,-2.15889286608733,-52.4712708793154
"La Rochelle",46.1620643972,-1.17465702836,27,"La Rochelle",7512,6.6,12.4,16.4,75.5,"200,1",13,11.1,2378,"Forte","Bourgogne-Franche-Comté","Bourgogne-Franche-Comté","Autres régions",7.80592148007434,2455.09682673065,-0.0319064028236177,-3.14027641970098,-77.0968267306498
"La Teste-de-Buch",44.5561823053,-1.17530826791,75,"La Teste-de-Buch",7513,6.8,12.4,12.3,77.2,"63",9.2,9.5,2208,"Faible","Nouvelle-Aquitaine","Nouvelle-Aquitaine","Nouvelle-Aquitaine",7.7466911406243,2313.90335288111,-0.0468487332273209,-4.57682697720483,-105.90335288111
"Langon",44.5376287285,-0.241841251091,53,"Langon",7514,6.3,11,10.6,77.4,"52,2",4,14,2153,"Faible","Bretagne","Bretagne","Bretagne",7.71918763072682,2251.13008864387,-0.0445701333624553,-4.35914784040696,-98.1300886438707
"Langon",44.5376287285,-0.241841251091,75,"Langon",7514,6.3,11,10.6,77.4,"52,2",4,14,2153,"Faible","Nouvelle-Aquitaine","Nouvelle-Aquitaine","Nouvelle-Aquitaine",7.71929632813316,2251.37479394503,-0.0446788307688034,-4.3695431879938,-98.3747939450345
"Lannion",48.7433496707,-3.46159799691,53,"Lannion",5308,6.4,12.4,16.2,73.1,"127,3",7.6,11.2,2328,"Intermédiaire","Bretagne","Bretagne","Bretagne",7.75300072187928,2328.54927031654,-0.000235913027956605,-0.0235885202663044,-0.549270316539605
"Laon",49.5679724897,3.62089561902,32,"Laon",3214,9.4,10,10.7,73.8,"50,2",15.1,17.8,2220,"Très faible","Hauts-de-France","Hauts-de-France","Autres régions",7.71923397919837,2251.23442750069,-0.013971504332043,-1.38743558285797,-31.2344275006935
"Laval",45.2359002175,5.98150477487,52,"Laval",5211,5.3,11.8,13.4,77.2,"86,3",13,11.2,2427,"Faible","Pays de la Loire","Pays de la Loire","Autres régions",7.76203909750462,2349.69097268157,0.0323721082219732,3.290178505057,77.3090273184334
"Le Havre",49.498452502,0.140153719153,28,"Le Havre",2813,9,10.7,14.2,72.8,"367,3",24.4,16,2643,"Forte","Normandie","Normandie","Autres régions",7.8011510931229,2443.41295531483,0.0785188214813904,8.16837138605786,199.587044685167
"Le Mans",47.9885256718,0.200030493539,52,"Le Mans",5212,7.8,11.2,14.9,75.2,"143,5",15.7,14.1,2390,"Intermédiaire","Pays de la Loire","Pays de la Loire","Autres régions",7.78109308967669,2394.89122116725,-0.00204444475113613,-0.204235629744809,-4.89122116725412
"Le Puy-en-Velay",45.0276366659,3.89535229067,84,"Le Puy-en-Velay",8419,5.6,12.1,10.3,76,"33,9",6.2,14,2189,"Très faible","Auvergne-Rhône-Alpes","Auvergne-Rhône-Alpes","Auvergne-Rhône-Alpes",7.7037007145052,2216.53559798534,-0.0125006169823411,-1.24228088239913,-27.535597985343
"Lens",50.4374264148,2.82105851259,32,"Lens",3215,10.4,9.9,11.1,69.9,"967,7",30.5,22.6,2276,"Forte","Hauts-de-France","Hauts-de-France","Autres régions",7.75636190691007,2336.389123485,-0.0261871116638504,-2.58472027959638,-60.3891234850007
"Les Sables-d'Olonne",46.5007612799,-1.79255128677,52,"Les Sables-d'Olonne",5214,6.3,11.2,11.5,75.9,"164,7",5,8.3,2291,"Forte","Pays de la Loire","Pays de la Loire","Autres régions",7.71869839200809,2250.02901800877,0.0180452904454057,1.82090904887497,40.9709819912346
"Lesparre-Médoc",45.2821023678,-0.935162142648,75,"Lesparre-Médoc",7515,8,9.8,10.7,75.8,"48",3.6,13.4,2176,"Très faible","Nouvelle-Aquitaine","Nouvelle-Aquitaine","Nouvelle-Aquitaine",7.69282384653151,2192.55727385829,-0.00758023855567473,-0.755158100347042,-16.5572738582891
"Libourne",44.9130767869,-0.234709332068,75,"Libourne",7516,7.2,10.5,12.4,77.2,"98,8",6,15.4,2352,"Intermédiaire","Nouvelle-Aquitaine","Nouvelle-Aquitaine","Nouvelle-Aquitaine",7.75734596256051,2338.6893920141,0.00567534645800386,0.569148174672307,13.3106079859031
"Lille",50.6317183168,3.04783272312,32,"Lille",3216,7.2,12,25.9,73.1,"828,7",18.7,15.4,2679,"Forte","Hauts-de-France","Hauts-de-France","Autres régions",7.90105968988397,2700.14212604777,-0.007860820339369,-0.783000488893448,-21.1421260477719
"Limoges",45.8542549589,1.2487579024,75,"Limoges",7517,6.9,11.7,15.8,73.2,"87,2",12.8,15.9,2339,"Faible","Nouvelle-Aquitaine","Nouvelle-Aquitaine","Nouvelle-Aquitaine",7.76690877021185,2361.16110390753,-0.00943000362767216,-0.93856805750584,-22.1611039075283
"Lisieux",49.1466628463,0.238274840452,28,"Lisieux",2814,5.9,9.3,10.4,76.5,"70,6",16.9,14.4,2291,"Faible","Normandie","Normandie","Autres régions",7.76158319218911,2348.61998023142,-0.0248395097356144,-2.45335476647628,-57.6199802314218
"Loches",47.1201464232,0.97415185088,24,"Loches",2408,5.8,9,9.1,76.4,"25,2",8.7,13.8,2133,"Très faible","Centre-Val de Loire","Centre-Val de Loire","Autres régions",7.72230184223775,2258.1515113015,-0.0570171237663956,-5.54221055031704,-125.151511301495
"Lons-le-Saunier",46.6744796278,5.55733212947,27,"Lons-le-Saunier",2713,4.8,10.6,9.8,76.4,"47,3",8.2,12.3,2272,"Très faible","Bourgogne-Franche-Comté","Bourgogne-Franche-Comté","Autres régions",7.72908871169238,2273.52941570481,-0.000672931851345161,-0.0672705483484304,-1.52941570480743
"Lorient",47.7500486947,-3.37823200917,53,"Lorient",5309,6.2,12.6,15,73.4,"233,6",14.1,12.3,2377,"Forte","Bretagne","Bretagne","Bretagne",7.75456140988725,2332.18624659308,0.0190330574729444,1.92153407440707,44.8137534069215
"Lyon",45.7699284397,4.82922464978,84,"Lyon",8421,6.4,12.4,27.9,75.6,"709,5",16.8,14.1,2895,"Forte","Auvergne-Rhône-Alpes","Auvergne-Rhône-Alpes","Auvergne-Rhône-Alpes",7.97690083190234,2912.88952640355,-0.00616044189524454,-0.614150527899837,-17.8895264035464
"Mâcon",46.3205511756,4.81842529639,27,"Mâcon",59,5.5,11.6,12.4,77.9,"100,9",12.8,12,2371,"Intermédiaire","Bourgogne-Franche-Comté","Bourgogne-Franche-Comté","Autres régions",7.80112152374055,2443.34070617111,-0.0300544376751452,-2.960729381228,-72.3407061711118
"Manosque",43.8354040831,5.79106654173,93,"Manosque",9311,8,11.8,21.4,75.4,"44,9",7.1,16.5,2470,"Très faible","Provence-Alpes-Côte d'Azur","Provence-Alpes-Côte d'Azur","Autres régions",7.85628152152389,2581.90175707194,-0.0443080919018676,-4.33408268790402,-111.901757071945
"Marmande",44.5055176845,0.172174280849,75,"Marmande",7518,7.3,9.3,9.5,74.9,"47,6",4.4,18.4,2181,"Très faible","Nouvelle-Aquitaine","Nouvelle-Aquitaine","Nouvelle-Aquitaine",7.6754083915961,2154.70346882396,0.0121303746055308,1.2204245993251,26.296531176039
"Marseille",43.2999009436,5.38227869795,93,"Marseille",9312,9.4,11,22.5,69.8,"1337,2",15.2,21.5,2704,"Forte","Provence-Alpes-Côte d'Azur","Provence-Alpes-Côte d'Azur","Autres régions",7.8745017019144,2629.37565095344,0.0279857352484535,2.83810147171266,74.624349046564
"Maubeuge",50.283630719,3.96328053037,32,"Maubeuge",3217,12,9.4,9.4,70.5,"111,7",18.2,25.1,2276,"Intermédiaire","Hauts-de-France","Hauts-de-France","Autres régions",7.71815392898266,2248.80429384108,0.0120208662635619,1.20934072535337,27.1957061589155
"Mayenne",48.3074609449,-0.614799950799,52,"Mayenne",5215,5,9.7,7.9,76,"41,2",6.4,12.2,2247,"Très faible","Pays de la Loire","Pays de la Loire","Autres régions",7.67125249408302,2145.7673237497,0.0460987781023071,4.71778440886093,101.232676250296
"Meaux",48.9570625667,2.90003097245,11,"Meaux",1107,7.2,12.7,13.6,78.1,"237,7",13.3,12,2326,"Forte","Île-de-France","Île-de-France","Île-de-France",7.79726261082761,2433.93023593966,-0.0453572777489979,-4.434401378723,-107.930235939664
"Melun",48.5444723553,2.65795821917,11,"Melun",1108,7.6,12.3,17.2,76.4,"255,7",21,14.5,2551,"Forte","Île-de-France","Île-de-France","Île-de-France",7.8634429176742,2600.45814388787,-0.0192021995323892,-1.90190117091917,-49.4581438878663
"Mende",44.5294508592,3.48086881176,76,"Mende",7613,4.7,12.3,9.6,75.3,"15,3",7.4,14.7,2146,"Très faible","Occitanie","Occitanie","Occitanie",7.6848814966565,2175.21218841549,-0.0135205734658605,-1.34295810638907,-29.212188415489
"Menton",43.7908233727,7.49365612374,93,"Menton",9314,5.7,10.3,11.9,77.3,"113,6",7.9,16.1,2198,"Intermédiaire","Provence-Alpes-Côte d'Azur","Provence-Alpes-Côte d'Azur","Autres régions",7.76531458969976,2357.39998563705,-0.0700114547361959,-6.76168603581165,-159.399985637046
"Metz",49.1081133279,6.1955245421,44,"Metz",4410,7.1,11.6,16,74.9,"233",15.3,15.6,2415,"Forte","Grand Est","Grand Est","Autres régions",7.82393299500402,2499.71747633444,-0.0344784289173476,-3.38908205173133,-84.7174763344419
"Millau",44.0976252203,3.11705384129,76,"Millau",7614,6.6,12,9.4,76,"20,5",6.7,15.8,2182,"Très faible","Occitanie","Occitanie","Occitanie",7.68743882242126,2180.7820335074,0.000558343971752519,0.0558499874764973,1.21796649260341
"Mont-de-Marsan",43.899361404,-0.490722577455,75,"Mont-de-Marsan",7519,5.8,12,11.1,75.2,"32,7",6.2,12.4,2228,"Très faible","Nouvelle-Aquitaine","Nouvelle-Aquitaine","Nouvelle-Aquitaine",7.69205830952034,2190.87943242286,0.0168012915268295,1.69432270109411,37.1205675771421
"Montargis",47.9988427684,2.73588922015,24,"Montargis",2409,10.2,9.3,11.5,74.9,"71,6",14.8,16.9,2334,"Faible","Centre-Val de Loire","Centre-Val de Loire","Autres régions",7.76244349449945,2350.64137280622,-0.00710468165295475,-0.707950306615834,-16.6413728062203
"Montauban",44.0222594578,1.36408636501,76,"Montauban",7615,7.8,12,14.2,76,"86,8",6.8,15.6,2254,"Faible","Occitanie","Occitanie","Occitanie",7.76027691038791,2345.55402363095,-0.0398152157881942,-3.90330057242623,-91.5540236309535
"Montbéliard",47.5155169816,6.79148147353,27,"Montbéliard",2714,10.1,10.9,14.1,73.6,"161,5",17.1,16.9,2498,"Intermédiaire","Bourgogne-Franche-Comté","Bourgogne-Franche-Comté","Autres régions",7.79416952356586,2426.41350827102,0.029076167119665,2.95030057675498,71.5864917289809
"Montélimar",44.5540845734,4.74869387765,84,"Montélimar",8422,8.8,12.5,12,75.5,"96,7",10.3,15.7,2406,"Intermédiaire","Auvergne-Rhône-Alpes","Auvergne-Rhône-Alpes","Auvergne-Rhône-Alpes",7.76042673247099,2345.90546574698,0.0252941640636343,2.56167757526788,60.094534253024
"Montluçon",46.3385883496,2.60390499777,84,"Montluçon",8423,9.2,9.8,10.7,73.5,"46,3",11,17.5,2251,"Très faible","Auvergne-Rhône-Alpes","Auvergne-Rhône-Alpes","Auvergne-Rhône-Alpes",7.70932990909684,2229.04809277857,0.00979993180988904,0.984810838875272,21.9519072214257
"Montpellier",43.6134409138,3.86851657896,76,"Montpellier",7616,9.6,12.3,23.7,73,"284,6",11.1,17.7,2517,"Forte","Occitanie","Occitanie","Occitanie",7.86020594883975,2592.05415099041,-0.0293829537044338,-2.89554718452683,-75.0541509904137
"Morlaix",48.5996746612,-3.82052019963,53,"Morlaix",5310,6.4,13,10.8,75.8,"96,2",7.3,11.4,2259,"Intermédiaire","Bretagne","Bretagne","Bretagne",7.72168449159134,2256.75787023319,0.000993024876656414,0.0993518089105638,2.24212976680838
"Moulins",49.4198471298,3.67884923026,32,"Moulins",8424,6.6,10.2,10.4,74.3,"30,7",11.7,15.5,2194,"Très faible","Hauts-de-France","Hauts-de-France","Autres régions",7.7102326368261,2231.06122482012,-0.0167509959909283,-1.66114781646625,-37.0612248201246
"Moulins",49.4198471298,3.67884923026,NA,"Moulins",8424,6.6,10.2,10.4,74.3,"30,7",11.7,15.5,2194,"Très faible","Auvergne-Rhône-Alpes","Auvergne-Rhône-Alpes","Auvergne-Rhône-Alpes",7.71251995161053,2236.17020483996,-0.0190383107753578,-1.88582267792866,-42.1702048399557
"Moulins",49.4198471298,3.67884923026,53,"Moulins",8424,6.6,10.2,10.4,74.3,"30,7",11.7,15.5,2194,"Très faible","Bretagne","Bretagne","Bretagne",7.69798186083796,2203.89573247204,-0.00450022000278692,-0.449010918540094,-9.89573247203862
"Moulins",49.4198471298,3.67884923026,84,"Moulins",8424,6.6,10.2,10.4,74.3,"30,7",11.7,15.5,2194,"Très faible","Auvergne-Rhône-Alpes","Auvergne-Rhône-Alpes","Auvergne-Rhône-Alpes",7.71251995161053,2236.17020483996,-0.0190383107753578,-1.88582267792866,-42.1702048399557
"Mulhouse",47.749163303,7.32570047509,44,"Mulhouse",4411,8.5,11.7,14.2,75,"272,9",13.4,16,2444,"Forte","Grand Est","Grand Est","Autres régions",7.80428131117789,2451.07335376725,-0.0028899908864047,-0.288581888272599,-7.07335376724814
"Nancy",48.6901995499,6.17588254434,44,"Nancy",4412,6.9,12.4,18.2,72.4,"137,7",13.9,14.5,2439,"Intermédiaire","Grand Est","Grand Est","Autres régions",7.8218874632283,2494.60945090154,-0.0225440650123847,-2.22918464777887,-55.6094509015379
"Nantes",47.2316356767,-1.54831008605,52,"Nantes",5216,5.5,14,25.6,77.6,"348,4",13.8,10.6,2645,"Forte","Pays de la Loire","Pays de la Loire","Autres régions",7.881945193938,2649.02040973869,-0.00151884964560769,-0.151769677723335,-4.02040973868588
"Narbonne",43.1652399898,3.02023868739,76,"Narbonne",7617,11.2,10.3,11.6,72.5,"85,9",9.6,20.8,2197,"Faible","Occitanie","Occitanie","Occitanie",7.7153791758849,2242.57306621756,-0.0205311035002941,-2.0321775421314,-45.5730662175606
"Nevers",46.9881194908,3.15689130958,27,"Nevers",60,6.9,9.6,11.2,71.8,"37,9",11.6,15.8,2265,"Très faible","Bourgogne-Franche-Comté","Bourgogne-Franche-Comté","Autres régions",7.71579988408004,2243.5167335751,0.00953015383708852,0.957571035838134,21.483266424897
"Nice",43.7119992661,7.23826889465,93,"Nice",9315,6.8,11,18.4,74.8,"208,4",9.6,17.6,2515,"Forte","Provence-Alpes-Côte d'Azur","Provence-Alpes-Côte d'Azur","Autres régions",7.83841193556652,2536.17402631462,-0.00838385303268352,-0.834880654676262,-21.1740263146248
"Nîmes",43.844938394,4.34806796996,76,"Nîmes",7618,9.7,11.9,15.2,72.5,"214,5",10.5,20.3,2371,"Forte","Occitanie","Occitanie","Occitanie",7.75858304550118,2341.58433503759,0.0124840405642271,1.25622914888266,29.4156649624124
"Niort",46.328260242,-0.465353019369,75,"Niort",7520,5.4,12.5,18.2,77.9,"72,6",8.6,11.4,2591,"Faible","Nouvelle-Aquitaine","Nouvelle-Aquitaine","Nouvelle-Aquitaine",7.81904852142675,2487.53744311189,0.0407506591353542,4.15923616243854,103.462556888109
"Nogent-le-Rotrou",48.3176302432,0.804048016354,24,"Nogent-le-Rotrou",61,6.7,8.6,9.1,76.2,"34,7",10,13.5,2232,"Très faible","Centre-Val de Loire","Centre-Val de Loire","Autres régions",7.72556023179456,2265.52144914727,-0.0149069082933603,-1.4796350376592,-33.5214491472675
"Oloron-Sainte-Marie",43.1560871189,-0.587546244432,75,"Oloron-Sainte-Marie",7521,4.9,11.5,10.6,75.9,"23,8",3.3,14.2,2314,"Très faible","Nouvelle-Aquitaine","Nouvelle-Aquitaine","Nouvelle-Aquitaine",7.68582691348157,2177.26964303938,0.0609059942720466,6.27990002973406,136.730356960621
"Orange",44.128913537,4.8098792403,93,"Orange",9316,9,12,10.6,76.4,"171,3",10.5,16.7,2269,"Forte","Provence-Alpes-Côte d'Azur","Provence-Alpes-Côte d'Azur","Autres régions",7.73303106249326,2282.5101572027,-0.0059365777134246,-0.591899105468008,-13.5101572026992
"Orléans",47.8828634214,1.91610357477,24,"Orléans",2410,6.6,12.9,18.8,76.5,"145,8",14.6,12.9,2518,"Intermédiaire","Centre-Val de Loire","Centre-Val de Loire","Autres régions",7.83286787288174,2522.1522233258,-0.00164765827744498,-0.164630163374047,-4.15222332580333
"Oyonnax",46.2605435859,5.65344320923,84,"Oyonnax",8425,8.1,10.5,12.5,74.6,"118,9",27.5,18.5,2493,"Intermédiaire","Auvergne-Rhône-Alpes","Auvergne-Rhône-Alpes","Auvergne-Rhône-Alpes",7.8128981555825,2472.28512951884,0.0083439279410523,0.837883552905216,20.7148704811598
"Paris",48.8626304852,2.33629344655,11,"Paris",1109,6.9,9.5,38.7,77.1,"9157,8",23.7,17.8,3768,"Forte","Île-de-France","Île-de-France","Île-de-France",8.23154744233085,3757.64399280317,0.00275219336539993,0.275598412640199,10.356007196835
"Pau",43.3200189773,-0.350337918181,75,"Pau",7522,6,12.6,17.4,75.4,"118,6",10.7,12.8,2568,"Intermédiaire","Nouvelle-Aquitaine","Nouvelle-Aquitaine","Nouvelle-Aquitaine",7.80631133638605,2456.0541483212,0.0445713284238036,4.55795535922185,111.945851678797
"Périgueux",45.1918704873,0.711825549847,75,"Périgueux",7523,6.8,10.2,11,74.5,"48,6",7.3,15.8,2199,"Très faible","Nouvelle-Aquitaine","Nouvelle-Aquitaine","Nouvelle-Aquitaine",7.69434253318201,2195.88961106811,0.00141545737274735,0.141645960535275,3.11038893189198
"Perpignan",42.6965954131,2.89936953979,76,"Perpignan",7620,12.1,10.1,12.2,70.7,"116,2",9.4,21.2,2231,"Intermédiaire","Occitanie","Occitanie","Occitanie",7.71933276663031,2251.45683215369,-0.00912757219777516,-0.908604236223576,-20.4568321536935
"Pithiviers",48.1805102613,2.24994341572,24,"Pithiviers",2411,6.8,10,10.2,78.1,"56,4",11.2,11.8,2376,"Faible","Centre-Val de Loire","Centre-Val de Loire","Autres régions",7.76595813690178,2358.91757206871,0.007215543580757,0.724163834021052,17.0824279312892
"Ploërmel",47.9221801451,-2.38313563666,53,"Ploërmel",5311,5.3,11.4,10.9,76.6,"55,8",4.4,11.2,2190,"Faible","Bretagne","Bretagne","Bretagne",7.71517425329194,2242.1135594132,-0.023517430481397,-2.32430508233661,-52.1135594131993
"Poitiers",46.5839207726,0.359947653003,75,"Poitiers",7524,5.9,11.9,16.4,72.6,"70,9",10.9,14.2,2307,"Faible","Nouvelle-Aquitaine","Nouvelle-Aquitaine","Nouvelle-Aquitaine",7.76316693091145,2352.34252763133,-0.0194636727376975,-1.92754784214978,-45.3425276313292
"Pontarlier",46.9119730882,6.38914602031,27,"Pontarlier",2715,5,12.8,8.8,83.4,"55,1",4.5,6.7,2328,"Faible","Bourgogne-Franche-Comté","Bourgogne-Franche-Comté","Autres régions",7.77795964141074,2387.39869827004,-0.0251948325594176,-2.48800915880049,-59.3986982700421
"Pornic",47.1223972452,-2.05182334479,52,"Pornic",5217,5.6,12.2,10.4,76.5,"144,8",3.9,7.9,2184,"Intermédiaire","Pays de la Loire","Pays de la Loire","Autres régions",7.71320026369396,2237.6920160455,-0.0242869268291697,-2.39943726216562,-53.6920160455006
"Porto-Vecchio",41.5924932873,9.25363087024,94,"Porto-Vecchio",9406,8.5,9.9,9.4,75.6,"30,5",4.5,18.9,2212,"Très faible","Corse","Corse","Corse",7.69280084439073,2192.50684092725,0.0088515182514933,0.88908087805577,19.4931590727488
"Propriano",41.6504172843,8.89378639473,94,"Propriano",9407,7.4,9.4,9.7,73.8,"16,8",4.2,21.4,2119,"Très faible","Corse","Corse","Corse",7.68454356871852,2174.47724763149,-0.025844010450223,-2.55129124445512,-55.4772476314911
"Provins",48.5633093312,3.28756780085,11,"Provins",1110,7.9,9.8,12.6,75.4,"54,7",9.6,12.5,2255,"Faible","Île-de-France","Île-de-France","Île-de-France",7.7540665871884,2331.03251337056,-0.0331613352516237,-3.26175258965485,-76.032513370561
"Quimper",47.9971425162,-4.09111944455,53,"Quimper",5313,6,13.3,13.4,74.7,"144,6",10.4,10.4,2279,"Intermédiaire","Bretagne","Bretagne","Bretagne",7.74436520195279,2308.52760983838,-0.0128731727071097,-1.27906678319706,-29.5276098383756
"Quimperlé",47.8561303355,-3.55642894655,53,"Quimperlé",5314,6.4,12.6,9.9,75.2,"83,3",6.3,10.1,2396,"Faible","Bretagne","Bretagne","Bretagne",7.69542699864078,2198.2722692243,0.08612896059456,8.99468794397689,197.727730775705
"Rambouillet",48.6539051954,1.82652871851,11,"Rambouillet",1111,4.5,14.5,20.4,78.1,"126,8",9.9,5.8,2623,"Intermédiaire","Île-de-France","Île-de-France","Île-de-France",7.89771675989044,2691.13081043835,-0.0256427800235736,-2.53167962605478,-68.1308104383506
"Redon",47.6609734327,-2.08008568692,53,"Redon",62,6.8,10.6,11.3,75.8,"64,8",4.5,12.9,2238,"Faible","Bretagne","Bretagne","Bretagne",7.71540518817889,2242.63140144616,-0.00206729930701903,-0.206516391555467,-4.63140144615636
"Reims",49.2514906066,4.0402302322,44,"Reims",4413,8.4,12.1,17.1,73.3,"134,2",27.5,16.4,2518,"Intermédiaire","Grand Est","Grand Est","Autres régions",7.85788370554995,2586.04175445722,-0.0266634909456633,-2.63111584876573,-68.0417544572233
"Remiremont",48.0013090816,6.58128956332,44,"Remiremont",4414,6.5,10.6,8.8,76.6,"79,1",9.9,13.4,2220,"Faible","Grand Est","Grand Est","Autres régions",7.76163086258781,2348.73194255091,-0.056368387721488,-5.48091249659992,-128.731942550907
"Rennes",48.1119791219,-1.68186449144,53,"Rennes",5315,6,13.5,24.4,75.2,"229,7",13.9,11.2,2594,"Forte","Bretagne","Bretagne","Bretagne",7.85346129259534,2574.63046122489,0.00749507228104951,0.752323064098692,19.3695387751054
"Roanne",46.0449112487,4.0797045647,84,"Roanne",8426,7.1,10.8,11.6,75.5,"110",10.7,14,2303,"Intermédiaire","Auvergne-Rhône-Alpes","Auvergne-Rhône-Alpes","Auvergne-Rhône-Alpes",7.76220721975923,2350.08604123449,-0.0202393199385435,-2.00358797117726,-47.08604123449
"Rochefort",45.9432344536,-0.972356445692,75,"Rochefort",7525,7,11.3,12,76.2,"117,8",8.1,13.1,2231,"Intermédiaire","Nouvelle-Aquitaine","Nouvelle-Aquitaine","Nouvelle-Aquitaine",7.74746988798876,2315.70600083134,-0.0372646935562267,-3.65789097583743,-84.7060008313351
"Rochefort",45.9432344536,-0.972356445692,84,"Rochefort",7525,7,11.3,12,76.2,"117,8",8.1,13.1,2231,"Intermédiaire","Auvergne-Rhône-Alpes","Auvergne-Rhône-Alpes","Auvergne-Rhône-Alpes",7.76430729496916,2355.02658461145,-0.0541021005366274,-5.26646218865976,-124.026584611447
"Rodez",44.3582426254,2.5672793892,76,"Rodez",7621,4.6,13.4,12,77.4,"34,7",4.7,12.8,2288,"Très faible","Occitanie","Occitanie","Occitanie",7.71840178778818,2249.36174886942,0.0170315647115082,1.71774287306163,38.6382511305792
"Romans-sur-Isère",45.0547531985,5.03797756012,84,"Romans-sur-Isère",8427,7.7,12.3,12,77.2,"96,8",13.4,13.5,2449,"Intermédiaire","Auvergne-Rhône-Alpes","Auvergne-Rhône-Alpes","Auvergne-Rhône-Alpes",7.78336399084278,2400.33596232871,0.0200710661093863,2.02738443430541,48.6640376712871
"Romilly-sur-Seine",48.5185939749,3.72154151549,44,"Romilly-sur-Seine",4415,8.8,9,11.3,75.6,"33,7",14.2,15.8,2519,"Très faible","Grand Est","Grand Est","Autres régions",7.77378743810169,2377.45873571239,0.0578298382509228,5.95346880942613,141.541264287614
"Romorantin-Lanthenay",47.3745226341,1.74456385409,24,"Romorantin-Lanthenay",2412,6.4,8.7,8.8,75.4,"36,1",9.6,14.3,2198,"Très faible","Centre-Val de Loire","Centre-Val de Loire","Autres régions",7.7151991800774,2242.16944879344,-0.0198960451138352,-1.96994249552407,-44.1694487934396
"Rouen",49.4413460103,1.09256784278,28,"Rouen",2815,8.1,11.3,17.4,73.6,"277,9",23.1,15.5,2516,"Forte","Normandie","Normandie","Autres régions",7.84354272488947,2549.22004048541,-0.0131171070691431,-1.30314527415554,-33.2200404854116
"Royan",45.6346574238,-1.01791403375,75,"Royan",7526,7.9,9.9,8.4,74,"122,8",4.2,12.1,2055,"Intermédiaire","Nouvelle-Aquitaine","Nouvelle-Aquitaine","Nouvelle-Aquitaine",7.68191933581199,2168.77839371423,-0.053888208881662,-5.2461973083094,-113.778393714232
"Sablé-sur-Sarthe",47.8378265007,-0.354705885665,52,"Sablé-sur-Sarthe",5218,5.7,9.3,8.1,77.8,"52,8",11.3,11.7,2257,"Faible","Pays de la Loire","Pays de la Loire","Autres régions",7.72010247316879,2253.19046030539,0.00168930364874072,0.169073132596798,3.80953969461052
"Saclay",48.7354339366,2.1663021309,11,"Saclay",1113,5.8,13.2,31.8,76.5,"1269,8",18.2,11.7,3172,"Forte","Île-de-France","Île-de-France","Île-de-France",8.08819751074782,3255.81370881376,-0.0260799279930796,-2.57427839273693,-83.8137088137596
"Saint-Avold",49.12845245,6.71233591282,44,"Saint-Avold",4416,7.6,10.3,10.7,72.7,"120,8",10.4,15.7,2413,"Intermédiaire","Grand Est","Grand Est","Autres régions",7.75964211119685,2344.06554032814,0.0289839544281797,2.94080769013858,68.9344596718583
"Saint-Brieuc",48.5149806053,-2.76154552773,53,"Saint-Brieuc",5316,6.8,12.9,13,75.9,"170,8",9.2,11.6,2300,"Forte","Bretagne","Bretagne","Bretagne",7.74197844009684,2303.02427438391,-0.00131403817959919,-0.131317520946206,-3.02427438391032
"Saint-Claude",46.408600398,5.87556247635,1,"Saint-Claude",2716,6.3,12.5,10.8,78.1,"43,9",11.6,10.8,2421,"Très faible","Guadeloupe","Guadeloupe","Guadeloupe",7.79193595693806,2420.99999999999,3.42607886505419e-17,1.99840144432528e-13,5.00222085975111e-12
"Saint-Claude",46.408600398,5.87556247635,27,"Saint-Claude",2716,6.3,12.5,10.8,78.1,"43,9",11.6,10.8,2421,"Très faible","Bourgogne-Franche-Comté","Bourgogne-Franche-Comté","Autres régions",7.75391205049985,2330.67231115799,0.0380239064382029,3.87560655393586,90.3276888420078
"Saint-Dié-des-Vosges",48.2967093514,6.93809367547,44,"Saint-Dié-des-Vosges",4417,9.8,9.5,10,73.5,"66,9",11.1,16.9,2270,"Faible","Grand Est","Grand Est","Autres régions",7.75335891397334,2329.3834876519,-0.0258238034978942,-2.54932208314744,-59.3834876518999
"Saint-Étienne",45.4301235512,4.37913997076,84,"Saint-Étienne",8428,8.2,11.2,15.2,73.4,"290,8",16.9,16.8,2489,"Forte","Auvergne-Rhône-Alpes","Auvergne-Rhône-Alpes","Auvergne-Rhône-Alpes",7.80016535525414,2441.00557735251,0.0194709471134499,1.96617423134049,47.994422647489
"Saint-Flour",45.0278919825,3.08320563232,84,"Saint-Flour",8429,3.9,9.8,7.1,78.7,"15,4",4.9,15.7,2062,"Très faible","Auvergne-Rhône-Alpes","Auvergne-Rhône-Alpes","Auvergne-Rhône-Alpes",7.68898930810329,2184.16592748765,-0.0575576435263856,-5.5932530560153,-122.165927487648
"Saint-Gaudens",43.1199260811,0.726613564199,76,"Saint-Gaudens",7622,6.5,10.7,11,74.9,"30,4",3.4,18.7,2202,"Très faible","Occitanie","Occitanie","Occitanie",7.69232043028522,2191.4537826867,0.00480088699740636,0.481242971976648,10.546217313296
"Saint-Junien",45.9024520048,0.887855844778,75,"Saint-Junien",7527,6,8.3,8.7,73.7,"26,8",5.8,18.4,2256,"Très faible","Nouvelle-Aquitaine","Nouvelle-Aquitaine","Nouvelle-Aquitaine",7.66353766944185,2129.27679767558,0.057810943176094,5.95146682961838,126.723202324422
"Saint-Lô",49.1099624249,-1.07755642702,28,"Saint-Lô",2816,4.9,10.6,10.5,76.6,"72,8",16.4,12.3,2280,"Faible","Normandie","Normandie","Autres régions",7.75787708598041,2339.93185464336,-0.0259463640319313,-2.56126495839751,-59.9318546433615
"Saint-Louis",48.710897697,7.1949734352,4,"Saint-Louis",4418,5.9,10.9,15.2,79.6,"181,9",8.3,9,2648,"Forte","La Réunion","La Réunion","La Réunion",7.8815599170569,2648,-1.77809156287623e-17,1.55431223447522e-13,4.09272615797818e-12
"Saint-Louis",48.710897697,7.1949734352,44,"Saint-Louis",4418,5.9,10.9,15.2,79.6,"181,9",8.3,9,2648,"Forte","Grand Est","Grand Est","Autres régions",7.83908039924471,2537.86993329575,0.042479517812183,4.33946851489069,110.130066704246
"Saint-Louis",48.710897697,7.1949734352,1,"Saint-Louis",4418,5.9,10.9,15.2,79.6,"181,9",8.3,9,2648,"Forte","Guadeloupe","Guadeloupe","Guadeloupe",7.8815599170569,2648,-4.7271214720368e-17,1.55431223447522e-13,4.09272615797818e-12
"Saint-Louis",48.710897697,7.1949734352,44,"Saint-Louis",4418,5.9,10.9,15.2,79.6,"181,9",8.3,9,2648,"Forte","Grand Est","Grand Est","Autres régions",7.83908039924471,2537.86993329575,0.042479517812183,4.33946851489069,110.130066704246
"Saint-Malo",48.6400443482,-1.98060627256,53,"Saint-Malo",5317,5.8,11.5,12.9,76.2,"186",13.5,10.3,2296,"Forte","Bretagne","Bretagne","Bretagne",7.75992861938239,2344.73723051065,-0.0210048619429314,-2.07857963256881,-48.7372305106524
"Saint-Nazaire",44.2000873648,4.62191805958,76,"Saint-Nazaire",5219,5.8,12.7,14.4,76.7,"232,4",11.7,10.5,2472,"Forte","Occitanie","Occitanie","Occitanie",7.78418140224629,2402.29882644104,0.0286014163312894,2.90143644045404,69.7011735589604
"Saint-Nazaire",44.2000873648,4.62191805958,52,"Saint-Nazaire",5219,5.8,12.7,14.4,76.7,"232,4",11.7,10.5,2472,"Forte","Pays de la Loire","Pays de la Loire","Autres régions",7.76599938327668,2359.01487087387,0.046783435300893,4.78950474289634,112.985129126134
"Saint-Nazaire",44.2000873648,4.62191805958,76,"Saint-Nazaire",5219,5.8,12.7,14.4,76.7,"232,4",11.7,10.5,2472,"Forte","Occitanie","Occitanie","Occitanie",7.78418140224629,2402.29882644104,0.0286014163312894,2.90143644045404,69.7011735589604
"Saint-Omer",48.9283510669,-0.443691657906,28,"Saint-Omer",3219,7.7,11.4,9.6,73.4,"153,3",10.9,15.8,2248,"Intermédiaire","Normandie","Normandie","Autres régions",7.71411907564273,2239.74897904389,0.00367713537084476,0.36839043273631,8.25102095610691
"Saint-Omer",48.9283510669,-0.443691657906,32,"Saint-Omer",3219,7.7,11.4,9.6,73.4,"153,3",10.9,15.8,2248,"Intermédiaire","Hauts-de-France","Hauts-de-France","Autres régions",7.71732711701795,2246.94572399443,0.000469093995626351,0.0469204037424342,1.05427600557141
"Saint-Quentin",49.8472336321,3.27769499462,32,"Saint-Quentin",3220,11.3,9.1,10,72.2,"94,5",14.2,20.3,2315,"Intermédiaire","Hauts-de-France","Hauts-de-France","Autres régions",7.72862608001976,2272.47785225049,0.0185388865005736,1.87117985362983,42.5221477495111
"Sainte-Maxime",43.3564730986,6.61172790208,93,"Sainte-Maxime",9317,7.7,10.3,11.1,76.9,"134,7",8,15.6,2438,"Intermédiaire","Provence-Alpes-Côte d'Azur","Provence-Alpes-Côte d'Azur","Autres régions",7.75027820664911,2322.21838134515,0.048655103392101,4.98581957601156,115.781618654846
"Saintes",45.7422300162,-0.649623035643,75,"Saintes",7528,7,10.6,11,75.8,"67,6",5.1,13.8,2170,"Faible","Nouvelle-Aquitaine","Nouvelle-Aquitaine","Nouvelle-Aquitaine",7.7152464349048,2242.27540462718,-0.0327639883702925,-3.22330631099227,-72.2754046271752
"Sarlat-la-Canéda",44.8983558068,1.2066486429,75,"Sarlat-la-Canéda",7529,6.9,10.6,10.1,75.4,"34,1",4.1,18.2,2037,"Très faible","Nouvelle-Aquitaine","Nouvelle-Aquitaine","Nouvelle-Aquitaine",7.68118842548024,2167.19379035102,-0.0619550092534393,-6.00748262248989,-130.193790351017
"Sarrebourg",48.7379661581,7.04683266422,44,"Sarrebourg",4419,5.5,10.7,12.2,75.2,"54,5",3.3,12.1,2367,"Faible","Grand Est","Grand Est","Autres régions",7.76032315909204,2345.66250497354,0.00905545042194349,0.9096575053408,21.337495026457
"Sarreguemines",49.1088144102,7.06943100683,44,"Sarreguemines",4420,6.8,9.9,10.8,75.1,"88",4.5,13,2410,"Intermédiaire","Grand Est","Grand Est","Autres régions",7.76546683757626,2357.75892210189,0.0219151889084384,2.21570905355932,52.2410778981143
"Saumur",47.2673853525,-0.0830410591988,52,"Saumur",5220,7.4,9.9,10.5,76.6,"79,6",14,13.8,2149,"Faible","Pays de la Loire","Pays de la Loire","Autres régions",7.73856860403997,2295.1847125794,-0.0658107073974657,-6.369191628813,-146.184712579403
"Sedan",49.697058875,4.9298505244,44,"Sedan",4421,9,9,8.8,73.1,"34,3",14.2,19.7,2315,"Très faible","Grand Est","Grand Est","Autres régions",7.73258336940255,2281.48852188245,0.0145815971177775,1.46884272246532,33.5114781175521
"Segré-en-Anjou Bleu",47.7016654227,-0.863354104119,52,"Segré-en-Anjou Bleu",5221,5.8,10.4,9.3,78.4,"54,6",12.8,11.8,2258,"Faible","Pays de la Loire","Pays de la Loire","Autres régions",7.73678166454809,2291.08701863127,-0.0145469198384832,-1.44416245922606,-33.0870186312745
"Sélestat",48.2481136279,7.46224896454,44,"Sélestat",4422,4.9,12.7,14,78.9,"136",5.9,9.1,2561,"Intermédiaire","Grand Est","Grand Est","Autres régions",7.81727247092319,2483.12337195038,0.0308806152763314,3.13623676251147,77.876628049622
"Sens",48.1956727015,3.29793332552,27,"Sens",2717,7.5,9.5,11.1,76,"70,9",12.9,14.6,2376,"Faible","Bourgogne-Franche-Comté","Bourgogne-Franche-Comté","Autres régions",7.77071235089944,2370.15907208366,0.00246132958309522,0.246436114146698,5.84092791633839
"Sète",43.3917705831,3.64705148296,76,"Sète",7623,9.8,10.5,14,72.6,"485,2",12.6,18.5,2283,"Forte","Occitanie","Occitanie","Occitanie",7.75615050595895,2335.89526080548,-0.022904859429162,-2.26445344930579,-52.8952608054801
"Soissons",49.3791742979,3.32471758491,32,"Soissons",3221,8.1,10.8,11.1,76.4,"83,7",16.9,13.6,2330,"Faible","Hauts-de-France","Hauts-de-France","Autres régions",7.7644488983041,2355.36008784173,-0.0108253517443559,-1.07669684871705,-25.360087841731
"Strasbourg",48.5712679849,7.76752679517,44,"Strasbourg",4423,7.3,12.1,22.7,74.4,"413,4",15.1,16,2608,"Forte","Grand Est","Grand Est","Autres régions",7.87337474851454,2626.41413618209,-0.00703582546799905,-0.70111319949171,-18.4141361820889
"Tarare",45.9036535552,4.42375959345,84,"Tarare",8430,5,10.7,11.4,77.6,"82,4",11.4,13,2352,"Faible","Auvergne-Rhône-Alpes","Auvergne-Rhône-Alpes","Auvergne-Rhône-Alpes",7.76738129291282,2362.27706976862,-0.00435998389430903,-0.435049296297418,-10.2770697686237
"Thionville",49.3759716201,6.12928314217,44,"Thionville",4424,6.4,11,11.5,75.9,"211",12.3,16.9,2405,"Forte","Grand Est","Grand Est","Autres régions",7.78857338317869,2412.87288060548,-0.00326820063882629,-0.326286588438218,-7.87288060547871
"Thouars",46.9828628407,-0.199581467021,75,"Thouars",7530,6.6,8.7,7.3,75.8,"39,8",8.1,14.8,2190,"Très faible","Nouvelle-Aquitaine","Nouvelle-Aquitaine","Nouvelle-Aquitaine",7.66923201023139,2141.43621246635,0.0224248125791544,2.26781387420929,48.5637875336538
"Toulon",43.1361589728,5.93239634249,93,"Toulon",9318,6.2,11.9,15.2,72.9,"456",10.7,15.8,2364,"Forte","Provence-Alpes-Côte d'Azur","Provence-Alpes-Côte d'Azur","Autres régions",7.77462182550986,2379.44328517133,-0.00651144698387689,-0.649029345123453,-15.4432851713314
"Toulouse",43.5963814303,1.43167293364,76,"Toulouse",7625,7.7,13.5,29.5,76.2,"350,9",11.9,13.9,2798,"Forte","Occitanie","Occitanie","Occitanie",7.95073936667592,2837.67225534309,-0.0140792114504973,-1.39805628604184,-39.6722553430891
"Tours",47.3986382281,0.696526376417,24,"Tours",2413,6.8,12.7,18.4,75.7,"149",17.3,12.7,2466,"Intermédiaire","Centre-Val de Loire","Centre-Val de Loire","Autres régions",7.83111787039707,2517.74231047294,-0.0207651866727776,-2.05510747695314,-51.7423104729423
"Troyes",48.2967099637,4.07827967525,44,"Troyes",4425,9.5,10.3,12.1,74.1,"53,2",19.9,16.7,2290,"Faible","Grand Est","Grand Est","Autres régions",7.79678865710589,2432.77693897223,-0.0604815605576082,-5.86888738893363,-142.776938972227
"Tulle",45.2731516999,1.76313875655,75,"Tulle",7531,5.6,10.7,10,75.2,"30,3",5.4,14.1,2175,"Très faible","Nouvelle-Aquitaine","Nouvelle-Aquitaine","Nouvelle-Aquitaine",7.68156673196964,2168.01380892508,0.00321721155314519,0.322239233263355,6.98619107492368
"Ussel",45.0740146626,2.95237927853,76,"Ussel",63,4.7,9.3,8.1,74.4,"17",6.2,16.4,2102,"Très faible","Occitanie","Occitanie","Occitanie",7.66742807679317,2137.57668628766,-0.0167835253562735,-1.66434666488817,-35.5766862876558
"Ussel",45.0740146626,2.95237927853,84,"Ussel",63,4.7,9.3,8.1,74.4,"17",6.2,16.4,2102,"Très faible","Auvergne-Rhône-Alpes","Auvergne-Rhône-Alpes","Auvergne-Rhône-Alpes",7.67199833555292,2147.3683229761,-0.0213537841160228,-2.11274062724469,-45.3683229760991
"Ussel",45.0740146626,2.95237927853,75,"Ussel",63,4.7,9.3,8.1,74.4,"17",6.2,16.4,2102,"Très faible","Nouvelle-Aquitaine","Nouvelle-Aquitaine","Nouvelle-Aquitaine",7.65991712903593,2121.58160378033,-0.00927257759903511,-0.922971982102272,-19.5816037803284
"Valence",45.8823772883,0.317842370883,84,"Valence",8431,7.3,13,16.5,77.2,"97,3",10.2,13.9,2437,"Intermédiaire","Auvergne-Rhône-Alpes","Auvergne-Rhône-Alpes","Auvergne-Rhône-Alpes",7.83012588802519,2515.24599284026,-0.0316028343999818,-3.11086840265304,-78.2459928402645
"Valence",45.8823772883,0.317842370883,75,"Valence",8431,7.3,13,16.5,77.2,"97,3",10.2,13.9,2437,"Intermédiaire","Nouvelle-Aquitaine","Nouvelle-Aquitaine","Nouvelle-Aquitaine",7.80780055743316,2459.71448069724,-0.00927750380795071,-0.92346005503875,-22.7144806972428
"Valence",45.8823772883,0.317842370883,76,"Valence",8431,7.3,13,16.5,77.2,"97,3",10.2,13.9,2437,"Intermédiaire","Occitanie","Occitanie","Occitanie",7.81377470659935,2474.45316362048,-0.0152516529741436,-1.51359355558318,-37.4531636204838
"Valenciennes",50.3588666163,3.51567664819,32,"Valenciennes",3222,11.9,10.1,13.3,70.8,"430,4",21.5,22.1,2338,"Forte","Hauts-de-France","Hauts-de-France","Autres régions",7.76211980635449,2349.88062119057,-0.00506866432248076,-0.505584031947626,-11.8806211905712
"Valréas",44.3771588623,4.99354936197,93,"Valréas",64,7.8,10.8,10.4,75.6,"31,8",4.2,19.6,2183,"Très faible","Provence-Alpes-Côte d'Azur","Provence-Alpes-Côte d'Azur","Autres régions",7.68789560648853,2181.77840754106,0.000559750061409856,0.0559906750712269,1.22159245894045
"Vannes",47.6597493766,-2.75714329498,53,"Vannes",5318,5.5,13.4,14.9,74.5,"157,3",9.8,9.8,2329,"Intermédiaire","Bretagne","Bretagne","Bretagne",7.75478629866118,2332.71078807818,-0.00159202877683543,-0.159076217126763,-3.71078807818276
"Vendôme",47.8013026692,1.06106057175,24,"Vendôme",2414,5.8,9.9,11.9,76.4,"40,6",11.6,12.3,2319,"Très faible","Centre-Val de Loire","Centre-Val de Loire","Autres régions",7.74955282088459,2320.53448799919,-0.000661483629062776,-0.0661264896997249,-1.53448799918533
"Verdun",42.8060735388,1.69239160264,76,"Verdun",4426,7.7,11,9.8,75.6,"27,1",9,15.2,2279,"Très faible","Occitanie","Occitanie","Occitanie",7.69840968801595,2204.83882068884,0.0330823412297347,3.3635646567574,74.1611793111565
"Verdun",42.8060735388,1.69239160264,44,"Verdun",4426,7.7,11,9.8,75.6,"27,1",9,15.2,2279,"Très faible","Grand Est","Grand Est","Autres régions",7.74036731011576,2299.31679034961,-0.00887528087007652,-0.883601182528737,-20.316790349611
"Vesoul",47.6320408648,6.1548458149,27,"Vesoul",2718,6.4,10.3,9.6,75,"39,8",10.1,14.7,2211,"Très faible","Bourgogne-Franche-Comté","Bourgogne-Franche-Comté","Autres régions",7.72218125796885,2257.87923016919,-0.0209810771114044,-2.07625056038421,-46.8792301691865
"Vichy",46.1300051383,3.42442081174,84,"Vichy",8432,7.8,10.1,10.3,74,"57,7",7.7,15.7,2291,"Faible","Auvergne-Rhône-Alpes","Auvergne-Rhône-Alpes","Auvergne-Rhône-Alpes",7.71593732431515,2243.82510423322,0.0208063581383385,2.10243194435153,47.1748957667783
"Vierzon",47.2368836077,2.0790757049,24,"Vierzon",2415,10.3,9,9.8,74.3,"52,2",10.7,17.6,2252,"Faible","Centre-Val de Loire","Centre-Val de Loire","Autres régions",7.73383118001811,2284.33716439289,-0.0142571907585323,-1.41560383015886,-32.3371643928881
"Villefranche-sur-Saône",45.9874596667,4.73174007305,84,"Villefranche-sur-Saône",8434,5.4,12.9,14,78.7,"165,5",13.7,11.1,2454,"Forte","Auvergne-Rhône-Alpes","Auvergne-Rhône-Alpes","Auvergne-Rhône-Alpes",7.81348318591652,2473.73191447923,-0.00800856064566505,-0.79765775602979,-19.7319144792277
"Villeneuve-sur-Lot",44.4251092866,0.742526167632,75,"Villeneuve-sur-Lot",7532,8.6,9.3,9.4,72.8,"56,7",3.7,19.7,2150,"Faible","Nouvelle-Aquitaine","Nouvelle-Aquitaine","Nouvelle-Aquitaine",7.67284772435462,2149.19304842373,0.00037539676709003,0.0375467237277327,0.806951576267238
"Vire Normandie",48.8512498219,-0.889601911342,28,"Vire Normandie",2818,6.4,8.6,8.6,75.4,"53,1",11.3,14.3,2182,"Faible","Normandie","Normandie","Autres régions",7.7165575198032,2245.21714606324,-0.0285603534101854,-2.81563617016205,-63.2171460632367
"Vitré",48.1140815063,-1.19370720718,53,"Vitré",5319,3.9,12.6,11.2,80.3,"87,6",7.8,7.9,2374,"Intermédiaire","Bretagne","Bretagne","Bretagne",7.76485322962858,2356.31262626326,0.00747834554103301,0.750637820279021,17.6873737367418
"Voiron",45.3791720843,5.58240310671,84,"Voiron",8435,5.2,13.2,13.8,77.9,"114,1",10.1,10,2414,"Intermédiaire","Auvergne-Rhône-Alpes","Auvergne-Rhône-Alpes","Auvergne-Rhône-Alpes",7.80018577383929,2441.0554197416,-0.011145372181817,-1.10834926248687,-27.0554197416018
"Honfleur Pont-Audemer",49.41294,0.2375794,NA,"Honfleur Pont-Audemer",2811,5.9,10.4,10.4,77.4,"97,4",13.2,12.1,2259,"Intermédiaire","Normandie","Normandie","Autres régions",7.76676084377607,2360.81185159358,-0.0440833273080662,-4.31257796019867,-101.811851593583
"Vitry-le-François Saint-Dizier",48.73333,4.58333,NA,"Vitry-le-François Saint-Dizier",4427,8,9.1,9.4,72.5,"39,5",16.1,16.7,2261,"Très faible","Grand Est","Grand Est","Autres régions",7.73747982532196,2292.6871242177,-0.013917353043992,-1.38209544089046,-31.6871242176953
"Seine-Yvelinoise",48.7615301,1.2772949,NA,"Seine-Yvelinoise",1114,7.6,11.9,23.9,77,"929,2",20.5,12.5,3139,"Forte","Île-de-France","Île-de-France","Île-de-France",7.97601838072324,2910.32017743565,0.0756411761187087,7.85754860710377,228.679822564355
"Les Sources de la Loire",44.841508,4.218621,NA,"Les Sources de la Loire",8420,5.6,11.2,9.4,77.1,"47,3",5.3,11.5,2281,"Très faible","Auvergne-Rhône-Alpes","Auvergne-Rhône-Alpes","Auvergne-Rhône-Alpes",7.70176547736409,2212.25022391651,0.0306037449202926,3.1076853486212,68.7497760834931
"Agde-Pézenas",43.309129116,3.48447903133,NA,"Agde-Pézenas",7601,14.2,9.8,11,72,"214,5",7.7,21,2080,"Forte","Occitanie","Occitanie","Occitanie",7.7060683745216,2221.78981834484,-0.0659452018262426,-6.38178360410676,-141.789818344845
"Alès-Le Vigan",44.1250099126,4.08828501262,NA,"Alès-Le Vigan",7603,11.8,10.3,10.9,69.6,"67,3",10,23.1,2150,"Faible","Occitanie","Occitanie","Occitanie",7.68479447353993,2175.02290290788,-0.011571352418226,-1.15046618012267,-25.0229029078773
"Bollène-Pierrelatte",44.2882016409,4.75235956257,NA,"Bollène-Pierrelatte",55,9,11.9,15.5,74.1,"117,4",10.3,17.4,2672,"Intermédiaire","Provence-Alpes-Côte d'Azur","Provence-Alpes-Côte d'Azur","Autres régions",7.79440891282238,2426.99443512783,0.0961736218341569,10.0950196393535,245.005564872171
"Carcassonne-Limoux",43.2093798444,2.34398855385,NA,"Carcassonne-Limoux",7608,9.7,11,11.2,73.1,"51,9",8.8,21,2165,"Faible","Occitanie","Occitanie","Occitanie",7.71112681105044,2233.05707444596,-0.0309511706138572,-3.04770868710743,-68.0570744459565
"Castelsarrasin-Moissac",44.0490326525,1.12348123121,NA,"Castelsarrasin-Moissac",7609,11.2,9.5,10.1,73.2,"48,5",5.1,19.5,2306,"Très faible","Occitanie","Occitanie","Occitanie",7.67687138163105,2157.85808555089,0.0663983191979485,6.86522971279124,148.141914449108
"Castres-Mazamet",49.8013894137,3.25325245088,NA,"Castres-Mazamet",7610,7.8,11.3,11.9,74.9,"55,7",6.2,16.6,2391,"Faible","Occitanie","Occitanie","Occitanie",7.72575890009266,2265.97158114988,0.0537080673656613,5.51765167269551,125.028418850121
"Cergy-Vexin",49.0401131567,2.05082123731,NA,"Cergy-Vexin",1101,7.1,13.3,20.6,76.4,"756,2",19.6,13.4,2639,"Forte","Île-de-France","Île-de-France","Île-de-France",7.91085569978726,2726.7227243973,-0.0327003632839409,-3.21714868961198,-87.7227243972998
"Château-Gontier-sur-Mayenne",46.4222263876,4.59356497363,52,"Château-Gontier-sur-Mayenne",5204,4.6,10.4,8.7,78.6,"55,9",7.5,10.4,2217,"Faible","Pays de la Loire","Pays de la Loire","Autres régions",7.71832552505037,2249.19021292511,-0.0144153154340589,-1.43119122340686,-32.1902129251102
"Châtillon-Montbard",46.4615377644,3.12807465548,NA,"Châtillon-Montbard",2709,5.4,9.3,9.9,75.7,"18,7",11,13.9,2206,"Très faible","Bourgogne-Franche-Comté","Bourgogne-Franche-Comté","Autres régions",7.73624525024558,2289.85837634629,-0.0373090504321312,-3.66216431603497,-83.8583763462916
"Dieppe-Caux maritime",49.9222503951,1.08681168449,NA,"Dieppe-Caux maritime",2807,6.3,9.7,10.7,74.7,"89,8",17.3,13.9,2436,"Intermédiaire","Normandie","Normandie","Autres régions",7.76211634061177,2349.87247712302,0.0359962882180168,3.66519986575724,86.1275228769791
"Évry-Courcouronnes",48.2685630682,3.25982109377,11,"Évry-Courcouronnes",1104,7.2,12.7,20.1,75.5,"927",22.2,16,2609,"Forte","Île-de-France","Île-de-France","Île-de-France",7.9045730163538,2709.64529093673,-0.0378507312170763,-3.71433453940889,-100.645290936729
"Figeac-Villefranche",44.6055314625,2.02540303775,NA,"Figeac-Villefranche",7611,7,11.2,11.5,74.7,"40,1",5,16.3,2281,"Très faible","Occitanie","Occitanie","Occitanie",7.69902263016675,2206.19067359925,0.0333465921176381,3.39088217967589,74.8093264007484
"Foix-Pamiers",42.9658502274,1.61037495894,NA,"Foix-Pamiers",7612,8.4,10.9,11.5,75.5,"36,4",4.7,18.1,2242,"Très faible","Occitanie","Occitanie","Occitanie",7.70576676092146,2221.11979736776,0.00935684271064369,0.940075481609792,20.8802026322355
"Fontainebleau-Nemours",48.4066856508,2.68031396389,NA,"Fontainebleau-Nemours",1105,6.9,11.5,15.7,75,"134,4",12.7,12.8,2590,"Intermédiaire","Île-de-France","Île-de-France","Île-de-France",7.81478440822013,2476.95288476422,0.0446287464734504,4.56395904545213,113.047115235784
"Lamballe-Armor",48.4684404751,-2.49534815954,53,"Lamballe-Armor",5307,4.7,11.6,10.1,77.3,"61,3",4.5,10,2280,"Faible","Bretagne","Bretagne","Bretagne",7.712990854335,2237.2234714554,0.0189398676134793,1.91203646351763,42.7765285446021
"Les Herbiers-Montaigu",46.8666125813,-1.02216086186,NA,"Les Herbiers-Montaigu",5213,3.7,12.5,10.5,81.1,"97,8",6.1,7.2,2335,"Intermédiaire","Pays de la Loire","Pays de la Loire","Autres régions",7.75659904701447,2336.94324074478,-0.000831876911475275,-0.08315309978012,-1.94324074478118
"Martigues-Salon",43.3798920489,5.04945402314,NA,"Martigues-Salon",9313,8.4,12.4,14.4,75.5,"326,2",20.4,15,2669,"Forte","Provence-Alpes-Côte d'Azur","Provence-Alpes-Côte d'Azur","Autres régions",7.80830216913061,2460.94861175456,0.0811569802739153,8.45411347688028,208.05138824544
"Pontivy-Loudéac",48.0729953877,-2.97046592885,NA,"Pontivy-Loudéac",5312,5.5,11.4,9,76,"61,9",5.4,12,2271,"Faible","Bretagne","Bretagne","Bretagne",7.69522804782915,2197.83496467465,0.0327474942764047,3.32895947608991,73.165035325354
"Roubaix-Tourcoing",50.6879774811,3.18258434623,NA,"Roubaix-Tourcoing",3218,11.9,10.8,18.8,71.2,"2457,8",25.5,24.3,2471,"Forte","Hauts-de-France","Hauts-de-France","Autres régions",7.83241021530274,2520.99820533809,-0.0200320093141271,-1.9832701678335,-49.9982053380882
"Tarbes-Lourdes",43.2347859635,0.0660093937851,NA,"Tarbes-Lourdes",7624,7.6,11.1,11.8,73.4,"51",9.7,16,2216,"Faible","Occitanie","Occitanie","Occitanie",7.72253241678533,2258.67224359609,-0.0190733689181576,-1.88926231847378,-42.6722435960874
"Vernon-Gisors",44.506232057,4.2261837868,NA,"Vernon-Gisors",2817,7.5,10.6,14.7,76.4,"111,8",15.4,12.9,2497,"Intermédiaire","Normandie","Normandie","Autres régions",7.81955655156248,2488.80150816113,0.00328873871728859,0.329415255173493,8.19849183887072
"Versailles-Saint-Quentin",48.8025669671,2.11789297191,NA,"Versailles-Saint-Quentin",1115,5.5,13.1,36.9,77.6,"773,6",18.9,8.9,3473,"Forte","Île-de-France","Île-de-France","Île-de-France",8.18135661053435,3573.69949218304,-0.0285825577902815,-2.81779406475843,-100.699492183036
"Vienne-Annonay",45.520578372,4.88135156154,NA,"Vienne-Annonay",8433,7.1,12.1,12,76.4,"138,7",12,13.6,2422,"Intermédiaire","Auvergne-Rhône-Alpes","Auvergne-Rhône-Alpes","Auvergne-Rhône-Alpes",7.77373916033277,2377.34396007953,0.0186097637802605,1.87840046162184,44.6560399204727
"Yvetot-Vallée du Commerce",49.6175135557,0.761699633531,NA,"Yvetot-Vallée du Commerce",2819,6.4,10.8,11,76.1,"127,3",16.7,11.7,2588,"Intermédiaire","Normandie","Normandie","Autres régions",7.77202031485485,2373.26118300093,0.0866203407659336,9.04825893320071,214.738816999067
"Charolais",46.626414,2.8569885,NA,"Charolais",2708,5.3,9.3,8.3,75.5,"33,6",8,13.1,2270,"Très faible","Bourgogne-Franche-Comté","Bourgogne-Franche-Comté","Autres régions",7.71324146031996,2237.78420330548,0.0142936501554814,1.43962928359815,32.2157966945192
"Creusot-Montceau",46.80685,4.426423,NA,"Creusot-Montceau",2710,8.5,9.4,12,72.8,"83,1",19.9,14.3,2416,"Faible","Bourgogne-Franche-Comté","Bourgogne-Franche-Comté","Autres régions",7.77134509813155,2371.65925824546,0.0185234609231505,1.86960844397774,44.3407417545372
"La Maurienne",45.27137,6.345537,NA,"La Maurienne",8411,4.1,11.9,10.4,79.2,"20,2",10.4,11.4,2520,"Très faible","Auvergne-Rhône-Alpes","Auvergne-Rhône-Alpes","Auvergne-Rhône-Alpes",7.74313275614634,2305.68422718397,0.0888814243591287,9.29510512711373,214.31577281603
"La Plaine du Forez",45.68333,4.16667,NA,"La Plaine du Forez",8412,5.3,11.1,9.8,77.8,"68",6.5,11.2,2278,"Faible","Auvergne-Rhône-Alpes","Auvergne-Rhône-Alpes","Auvergne-Rhône-Alpes",7.73382786769898,2284.32959795173,-0.00277472369185749,-0.277087770407813,-6.32959795173019
"La Tarentaise",45.366669,4.5,NA,"La Tarentaise",8413,4.8,12.2,10,79.6,"47",15.7,12.8,2436,"Très faible","Auvergne-Rhône-Alpes","Auvergne-Rhône-Alpes","Auvergne-Rhône-Alpes",7.75455990344651,2332.18273329536,0.043552725383273,4.45150653173487,103.817266704636
"La Vallée de l'Arve",46.066669,6.6,NA,"La Vallée de l'Arve",8414,6.1,12.1,13.3,80.7,"119,3",13.2,10.5,2663,"Intermédiaire","Auvergne-Rhône-Alpes","Auvergne-Rhône-Alpes","Auvergne-Rhône-Alpes",7.82876155398423,2511.81669699533,0.0584470318296983,6.01888279449363,151.18330300467
"Le Chablais",46.26318,6.360898,NA,"Le Chablais",8415,6,12.8,11.9,81.6,"158,4",12,10.2,2422,"Intermédiaire","Auvergne-Rhône-Alpes","Auvergne-Rhône-Alpes","Auvergne-Rhône-Alpes",7.81246428282768,2471.21270502369,-0.0201153587146426,-1.99143946304783,-49.2127050236936
"Le Genevois Français",46.144516,6.081338,NA,"Le Genevois Français",8416,6.3,11.9,14.3,81.1,"246,7",12.9,11.3,2438,"Forte","Auvergne-Rhône-Alpes","Auvergne-Rhône-Alpes","Auvergne-Rhône-Alpes",7.83818417451104,2535.59645041866,-0.0392508644698289,-3.84905296749994,-97.5964504186627
"Le Livradois",45.48333,3.73333,NA,"Le Livradois",8417,7.7,9.9,9.7,74.6,"37,6",5.2,16.5,2275,"Très faible","Auvergne-Rhône-Alpes","Auvergne-Rhône-Alpes","Auvergne-Rhône-Alpes",7.6894229213046,2185.11321603123,0.0403124100804468,4.11359847669717,89.8867839687691
"Le Mont Blanc",43.37077,3.357551,NA,"Le Mont Blanc",8418,3.5,12.4,13,82.5,"85,8",9.8,10.7,2477,"Faible","Auvergne-Rhône-Alpes","Auvergne-Rhône-Alpes","Auvergne-Rhône-Alpes",7.81774116150327,2484.28746126152,-0.00293773201391207,-0.293342110168515,-7.28746126151646
"Marne-la-Vallée",46.85315,-0.01778887,NA,"Marne-la-Vallée",1106,6.5,14,20.1,78.3,"685,1",16.9,11.8,2592,"Forte","Île-de-France","Île-de-France","Île-de-France",7.90861235966229,2720.61261399037,-0.0484273021901252,-4.72734020745897,-128.612613990367
"Roissy",49.0066,2.514177,NA,"Roissy",1112,9.2,10.4,17.4,73,"1552,1",25.7,22.9,2808,"Forte","Île-de-France","Île-de-France","Île-de-France",7.85816118112995,2586.75941745532,0.0820665840157448,8.55280862424839,221.240582544676
"Seine-Yvelinoise",48.7615301,1.2772949,NA,"Seine-Yvelinoise",1114,7.6,11.9,23.9,77,"929,2",20.5,12.5,3139,"Forte","Île-de-France","Île-de-France","Île-de-France",7.97601838072324,2910.32017743565,0.0756411761187087,7.85754860710377,228.679822564355
