Code postal;Commune;temps_A_min;distance_A_km;temps_B_min;distance_B_km
35001;ACIGNE;17.8;18.8;12.5;13.7
14001;ABLON;138.6;250.9;136.3;250.5
56001;ALLAIRE;54.1;76.9;54.5;77.4
35002;AMANLIS;25.5;29.2;19.8;19.9
53003;AMBRIERES LES VALLEES;79.4;122.5;72.2;112.9
80021;AMIENS;226.0;437.9;223.4;437.4
22002;ANDEL;52.7;83.7;58.3;90.6
53005;ANDOUILLE;24.3;30.2;25.2;34.3
35003;ANDOUILLE NEUVILLE;24.3;30.2;25.2;34.3
49007;ANGERS;84.5;134.4;77.2;124.8
14015;ANISY;105.2;194.3;102.9;193.8
92002;ANTONY;177.7;342.1;170.5;332.4
35005;ARBRISSEL;36.0;48.3;28.6;38.7
35006;ARGENTRE DU PLESSIS;34.6;50.6;27.4;40.9
29001;ARGOL;141.1;224.5;148.0;231.8
56004;ARZAL;77.0;116.7;76.7;110.9
56005;ARZON;;;;
92004;ASNIERES SUR SEINE;193.8;360.2;186.6;350.5
34014;ASSAS;469.1;930.8;463.6;921.5
91027;ATHIS MONS;179.4;345.5;172.2;335.9
35007;AUBIGNE;24.7;30.3;27.0;34.8
31022;AUCAMVILLE;352.9;694.3;347.4;687.5
56006;AUGAN;;;;
59032;AULNOY LEZ VALENCIENNES;285.8;559.8;283.3;559.4
56007;AURAY;;;;
14030;AUTHIE;97.0;185.3;94.7;184.8
35008;AVAILLES SUR SEICHE;41.8;59.6;34.6;50.0
44007;AVESSAC;46.1;66.6;46.5;67.1
60033;AVILLY ST LEONARD;219.7;415.0;214.7;405.7
49015;AVRILLE;80.1;128.3;72.7;118.7
56008;BADEN;80.8;125.0;83.9;129.3
35009;BAGUER MORVAN;42.2;55.2;48.0;63.0
35010;BAGUER PICAN;45.5;72.6;50.9;80.0
35012;BAIN DE BRETAGNE;28.3;37.5;22.9;30.7
35013;BAINS SUR OUST;41.1;64.1;41.5;64.6
35014;BAIS;33.0;48.8;27.4;39.5
59044;BAISIEUX;297.9;581.2;295.6;580.8
37018;BALLAN MIRE;140.5;246.8;133.2;237.1
29004;BANNALEC;109.5;183.8;113.0;188.5
44009;BASSE GOULAINE;74.1;118.6;68.9;111.8
35016;BAULON;26.6;29.0;26.7;30.9
35019;BAZOUGES LA PEROUSE;40.5;47.3;41.4;51.4
35021;BEAUCE;193.8;343.4;186.6;333.8
49022;BEAULIEU SUR LAYON;102.3;153.3;94.9;143.6
60057;BEAUVAIS;237.6;397.0;229.3;416.9
35022;BECHEREL;27.7;34.7;33.2;41.5
35023;BEDEE;14.7;21.0;21.1;27.9
56011;BEGANNE;58.6;82.9;57.2;83.1
22004;BEGARD;86.0;145.2;92.2;152.1
56012;BEIGNON;33.7;42.8;36.8;47.1
90010;BELFORT;394.6;809.1;389.5;799.8
25056;BESANCON;361.9;723.4;354.7;713.7
35024;BETTON;16.9;16.9;17.8;21.1
14069;BEUVILLERS;138.8;254.3;136.4;253.8
14068;BIEVILLE BEUVILLE;106.9;197.3;104.6;196.8
22055;BINIC ETABLES SUR MER;68.2;111.7;75.1;118.9
44015;BLAIN;55.5;84.7;50.0;77.9
41018;BLOIS;154.8;304.0;149.6;294.7
35027;BOISGERVILLY;24.3;33.4;29.5;39.9
35028;BOISTRUDAN;35.2;42.2;27.8;32.6
35029;BONNEMAIN;37.5;48.6;42.1;56.0
94011;BONNEUIL SUR MARNE;185.6;357.8;178.4;348.2
33063;BORDEAUX;243.5;464.0;238.0;457.2
64140;BOUCAU;336.7;647.5;331.2;640.7
92012;BOULOGNE BILLANCOURT;180.4;350.2;173.2;340.6
22013;BOURBRIAC;86.4;139.3;91.5;145.8
35033;BOURG DES COMPTES;25.8;31.7;20.3;24.9
35032;BOURGBARRE;20.0;24.1;12.7;14.4
18033;BOURGES;215.0;421.0;207.8;411.4
35035;BOVEL;33.2;34.4;33.2;36.2
53041;BRAINS SUR LES MARCHES;49.0;60.6;41.6;50.9
35037;BREAL SOUS MONTFORT;15.6;17.9;20.3;22.9
35038;BREAL SOUS VITRE;37.8;57.3;32.2;48.0
35039;BRECE;20.0;25.3;12.8;15.6
79049;BRESSUIRE;124.1;209.7;118.8;202.9
29019;BREST;;;;
35040;BRETEIL;17.8;19.5;24.2;26.4
91103;BRETIGNY SUR ORGE;171.7;336.7;165.0;327.4
14101;BRETTEVILLE SUR ODON;92.0;180.2;91.0;180.1
35041;BRIE;276.4;503.5;268.7;493.8
38059;BRIE ET ANGONNES;446.3;899.3;439.1;889.7
22020;BROONS;31.4;51.7;37.9;58.6
35044;BROUALAN;42.6;51.2;46.7;58.2
22021;BRUSVILY;38.7;58.0;45.2;64.9
35047;BRUZ;17.5;15.9;14.6;13.8
78117;BUC;424.7;814.7;419.2;807.9
36031;BUZANCAIS;206.2;347.6;198.8;338.0
56028;CADEN;63.8;88.6;62.5;88.8
14118;CAEN;99.2;187.3;98.2;187.2
62193;CALAIS;271.7;530.8;269.1;530.4
56031;CAMORS;72.8;118.4;77.1;123.1
56032;CAMPENEAC;39.9;59.2;43.0;63.5
35049;CANCALE;50.0;73.4;54.1;80.5
35050;CARDROC;26.1;31.6;30.2;38.7
56033;CARENTOIR;43.1;57.9;46.2;62.2
29024;CARHAIX PLOUGUER;97.6;153.3;103.3;160.3
56035;CARO;379.0;705.2;371.8;697.0
44026;CARQUEFOU;70.6;113.9;65.2;107.1
56036;CAUDAN;89.4;149.9;94.2;155.0
22032;CAULNES;28.2;43.5;33.3;50.1
35051;CESSON SEVIGNE;16.1;18.2;10.5;8.9
33122;CESTAS;250.0;480.9;246.2;474.4
73065;CHAMBERY;433.0;882.3;428.4;873.0
37050;CHAMBRAY LES TOURS;140.6;266.5;133.4;256.8
54115;CHAMPIGNEULLES;363.4;733.2;356.2;723.6
72058;CHANGE;325.4;633.3;318.2;623.7
35054;CHANTELOUP;74.8;118.8;72.4;118.3
35055;CHANTEPIE;12.7;13.8;7.1;4.5
61093;CHANU;96.7;130.2;94.4;137.4
35066;CHARTRES DE BRETAGNE;11.4;11.8;10.6;9.9
35067;CHASNE SUR ILLET;24.4;28.4;22.7;28.4
35068;CHATEAUBOURG;24.1;31.3;16.9;21.7
44036;CHATEAUBRIANT;46.6;65.5;39.2;55.8
35069;CHATEAUGIRON;22.4;25.4;15.0;15.8
35070;CHATEAUNEUF D ILLE ET VILAINE;644.2;1132.1;637.0;1122.5
92019;CHATENAY MALABRY;179.6;346.2;172.3;336.6
35072;CHATILLON EN VENDELAIS;42.6;55.2;37.6;52.8
53064;CHATILLON SUR COLMONT;66.7;92.1;65.6;92.0
72073;CHAUFOUR NOTRE DAME;88.0;159.9;80.8;150.3
44038;CHAUVE;98.6;153.2;93.1;146.4
35076;CHAVAGNE;15.9;13.5;15.4;16.2
69052;CHAZAY D AZERGUES;364.4;728.9;357.0;719.2
35077;CHELUN;43.1;59.9;35.7;50.2
50129;CHERBOURG EN COTENTIN;135.0;237.9;132.7;237.5
35079;CHEVAIGNE;16.7;19.2;18.9;23.7
94021;CHEVILLY LARUE;177.0;344.8;169.8;335.2
49099;CHOLET;103.7;167.4;98.2;160.6
37077;CINQ MARS LA PILE;133.2;234.4;127.8;225.1
31145;CINTEGABELLE;387.7;752.0;382.2;745.2
35080;CINTRE;17.6;18.2;23.4;25.5
92023;CLAMART;180.5;346.2;173.3;336.5
35081;CLAYES;16.8;16.1;22.4;23.0
29030;CLEDER;126.7;211.8;131.9;218.3
29031;CLOHARS CARNOET;105.2;169.1;108.3;173.4
35082;COESMES;33.5;45.4;26.2;35.7
35084;COMBLESSAC;39.1;51.7;42.4;54.3
35085;COMBOURG;29.3;39.6;35.1;47.4
35086;COMBOURTILLE;38.9;47.3;36.6;46.9
79096;COMBRAND;120.3;195.6;114.8;188.8
29039;CONCARNEAU;119.4;199.9;124.1;205.0
56043;CONCORET;39.9;57.7;42.4;52.8
78172;CONFLANS STE HONORINE;199.2;361.4;192.0;351.8
14181;CORMELLES LE ROYAL;99.3;190.7;98.3;190.6
35087;CORNILLE;301.4;477.8;295.9;471.0
35088;CORPS NUDS;19.2;24.4;13.6;15.1
44047;COUERON;79.1;122.9;73.7;116.1
92026;COURBEVOIE;188.6;356.9;181.4;347.3
50146;COURTILS;48.5;83.6;46.2;83.1
50147;COUTANCES;85.3;139.3;83.0;138.8
56046;CRACH;80.9;132.9;85.3;137.6
14197;CRESSERONS;106.0;198.2;105.0;198.1
35090;CREVIN;18.6;26.1;14.8;19.7
59163;CROIX;299.9;581.1;297.5;580.7
61140;CRULAI;144.9;263.8;137.7;254.2
13030;CUGES LES PINS;547.4;1083.4;539.9;1073.8
35092;CUGUEN;39.3;48.1;43.4;55.2
56052;DAMGAN;83.8;133.0;86.4;137.7
44051;DERVAL;36.8;57.2;33.0;50.7
21231;DIJON;315.1;627.4;307.9;617.7
22050;DINAN;43.4;55.0;47.5;62.1
35093;DINARD;50.6;74.3;54.7;81.4
35094;DINGE;29.7;37.4;33.8;44.4
44029;DIVATTE SUR LOIRE;84.1;129.8;80.0;123.3
35095;DOL DE BRETAGNE;44.9;69.1;48.9;76.2
35096;DOMAGNE;26.7;34.5;19.5;24.8
35097;DOMALAIN;40.7;57.1;33.5;47.4
35099;DOMLOUP;24.1;28.0;15.3;15.1
54165;DOMMARTEMONT;370.0;740.9;365.0;731.6
17142;DOMPIERRE SUR MER;153.6;251.1;149.8;244.6
50165;DONVILLE LES BAINS;71.0;111.9;69.9;111.8
35101;DOURDAIN;34.0;42.5;29.3;33.0
59183;DUNKERQUE;293.2;574.8;290.7;574.4
59193;EMMERIN;290.9;568.3;288.5;567.9
53094;ENTRAMMES;61.3;98.1;54.1;88.5
35104;EPINIAC;42.6;54.2;46.7;61.2
35105;ERBREE;36.3;55.0;29.0;45.3
35106;ERCE EN LAMEE;35.3;47.2;31.5;40.7
35107;ERCE PRES LIFFRE;24.1;28.4;21.8;28.0
29051;ERGUE GABERIC;123.5;210.8;126.6;215.1
22054;ERQUY;67.2;104.9;73.8;112.0
35108;ESSE;235.0;389.3;231.2;382.9
35109;ETRELLES;363.5;677.3;355.6;669.1
22056;EVRAN;35.7;47.2;39.8;54.3
59220;FACHES THUMESNIL;291.1;569.4;288.7;569.0
74123;FAVERGES SEYTHENEX;469.5;905.1;460.4;874.8
44057;FEGREAC;48.5;74.9;48.8;75.4
35110;FEINS;29.9;34.4;32.2;38.9
44058;FERCE;45.4;63.0;38.0;53.3
56058;FEREL;77.3;107.5;75.9;107.7
27238;FERRIERES HAUT CLOCHER;179.1;333.2;171.8;323.6
50188;FOLLIGNY;63.2;103.6;62.2;103.5
37109;FONDETTES;140.0;256.0;132.8;246.4
14274;FONTAINE ETOUPEFOUR;93.5;178.8;91.2;178.3
76270;FONTAINE LA MALLET;150.4;281.5;148.1;281.1
14277;FONTENAY LE MARMION;101.0;194.3;99.9;194.2
94033;FONTENAY SOUS BOIS;188.7;364.3;183.7;355.0
53099;FORCE;294.5;559.0;289.0;552.2
80331;FOREST L ABBAYE;222.3;433.9;220.0;433.5
29058;FOUESNANT;125.3;204.1;128.4;208.8
35115;FOUGERES;36.2;54.9;35.2;54.8
53100;FOUGEROLLES DU PLESSIS;60.9;79.1;58.6;78.7
76475;FRANQUEVILLE ST PIERRE;169.8;318.9;167.5;318.4
35117;GAEL;31.6;48.3;36.8;54.9
35118;GAHARD;28.9;35.4;28.7;33.6
35119;GENNES SUR SEICHE;43.3;58.7;36.1;49.1
56063;GESTEL;94.2;158.0;97.2;162.3
35120;GEVEZE;17.4;17.5;21.5;24.6
91272;GIF SUR YVETTE;176.3;340.0;169.1;330.3
44064;GORGES;241.0;465.7;240.3;465.6
35121;GOSNE;24.5;29.3;22.2;28.8
56065;GOURHEL;43.1;68.2;47.9;73.2
35123;GOVEN;21.2;22.2;19.9;22.4
35124;GRAND FOUGERAY;34.8;51.2;29.3;44.4
50391;GRANDPARIGNY;62.0;98.4;59.6;98.0
50218;GRANVILLE;69.0;110.7;68.0;110.6
38185;GRENOBLE;437.5;889.3;430.3;879.7
59275;GRUSON;297.8;578.3;296.1;577.3
56070;GUEGON;51.0;80.8;55.7;85.9
44067;GUEMENE PENFAO;51.2;70.8;45.6;64.0
56075;GUER;33.4;47.3;36.5;51.7
35126;GUICHEN;21.7;24.6;20.4;24.8
56078;GUIDEL;97.6;160.5;100.7;164.8
35127;GUIGNEN;21.7;30.1;22.0;30.6
22070;GUINGAMP;78.3;130.1;84.0;136.9
29075;GUIPAVAS;133.4;232.0;138.5;238.5
35128;GUIPEL;23.9;27.2;28.4;34.6
35176;GUIPRY MESSAC;41.8;46.2;36.3;39.4
22071;GUITTE;32.2;41.6;37.3;48.1
10169;GUMERY;232.9;438.8;224.9;429.2
27310;HACQUEVILLE;194.9;356.3;192.5;355.9
44071;HAUTE GOULAINE;74.4;120.6;70.3;114.2
35130;HEDE BAZOUGES;20.1;25.1;24.2;32.2
22077;HENANSAL;58.2;92.6;63.8;99.5
64260;HENDAYE;351.1;683.4;346.2;676.9
56083;HENNEBONT;84.9;140.2;87.9;144.5
14327;HEROUVILLE ST CLAIR;98.6;189.3;97.6;189.2
22081;HILLION;57.3;92.6;62.5;99.1
50247;HOCQUIGNY;63.6;102.9;61.3;102.5
35133;IFFENDIC;23.4;33.5;29.5;37.9
22083;ILLIFAUT;39.3;55.6;45.7;62.4
56090;INZINZAC LOCHRIST;87.4;141.2;90.8;145.9
35135;IRODOUER;22.1;29.0;27.2;35.5
35136;JANZE;23.2;32.0;17.5;22.7
17192;JARNAC CHAMPAGNE;206.7;388.2;202.9;381.7
35137;JAVENE;36.8;55.5;34.5;55.0
89209;JOUY;221.0;420.8;213.8;411.2
76378;JUMIEGES;165.4;296.1;163.1;295.7
56092;KERFOURN;69.8;104.6;73.2;109.3
56094;KERVIGNAC;86.4;143.1;90.7;147.8
35131;L HERMITAGE;14.2;15.0;18.0;19.3
95313;L ISLE ADAM;212.7;384.6;207.5;375.3
44055;LA BAULE ESCOUBLAC;95.7;144.9;91.9;138.4
35017;LA BAUSSAINE;24.2;32.8;28.3;39.9
35030;LA BOSSE DE BRETAGNE;29.0;38.3;25.1;31.9
35031;LA BOUEXIERE;26.6;29.5;22.7;25.8
35034;LA BOUSSAC;44.4;56.7;50.3;64.5
33213;LA BREDE;251.4;482.0;245.9;475.2
78126;LA CELLE ST CLOUD;183.4;344.4;176.0;334.8
35056;LA CHAPELLE AUX FILTZMEENS;29.7;39.4;33.8;46.5
35057;LA CHAPELLE BOUEXIC;30.7;33.7;29.3;33.9
35058;LA CHAPELLE CHAUSSEE;22.3;28.1;26.8;35.5
35059;LA CHAPELLE DES FOUGERETZ;13.0;10.9;17.1;18.0
35060;LA CHAPELLE DU LOU DU LAC;23.9;34.1;30.3;41.0
35061;LA CHAPELLE ERBREE;43.9;61.4;36.7;51.8
35063;LA CHAPELLE ST AUBERT;33.4;50.0;31.1;49.5
18050;LA CHAPELLE ST URSIN;209.8;416.3;204.5;407.0
44035;LA CHAPELLE SUR ERDRE;67.4;103.3;62.0;96.5
35065;LA CHAPELLE THOUARAULT;15.8;17.3;22.3;24.5
35089;LA COUYERE;32.2;40.9;24.8;31.2
35098;LA DOMINELAIS;30.1;45.3;26.3;38.8
45146;LA FERTE ST AUBIN;194.2;375.0;187.0;365.3
35116;LA FRESNAIS;45.3;67.5;51.1;75.2
56061;LA GACILLY;45.8;62.8;44.5;62.9
85097;LA GAUBRETIERE;113.2;193.9;110.1;172.6
35122;LA GOUESNIERE;42.2;64.1;46.8;71.6
35125;LA GUERCHE DE BRETAGNE;43.5;61.8;36.3;52.2
35177;LA MEZIERE;15.7;16.0;19.8;23.1
35202;LA NOE BLANCHE;33.9;47.4;28.4;40.6
35203;LA NOUAYE;18.9;24.8;24.1;31.3
53177;LA PELLERINE;126.1;198.3;118.7;188.6
22255;LA PRENESSAYE;51.7;78.9;56.8;85.4
35241;LA RICHARDAIS;44.7;70.7;50.1;78.1
37195;LA RICHE;138.5;255.8;131.3;246.2
85191;LA ROCHE SUR YON;113.2;185.8;107.7;179.0
17300;LA ROCHELLE;159.2;253.9;153.7;247.1
76547;LA RUE ST PIERRE;178.7;341.1;177.9;341.0
22385;LA VICOMTE SUR RANCE;36.6;52.6;40.7;59.7
35358;LA VILLE ES NONAIS;39.3;60.0;43.4;67.1
77243;LAGNY SUR MARNE;201.4;381.7;193.7;372.0
35139;LAILLE;19.6;23.2;14.1;16.4
13050;LAMBESC;509.2;1012.6;504.1;1003.3
22094;LANCIEUX;52.6;79.3;58.0;86.7
35142;LANDEAN;42.1;61.5;41.1;61.4
85118;LANDERONDE;121.7;197.4;116.2;190.6
53125;LANDIVY;54.5;74.1;53.5;74.0
35143;LANDUJAN;25.0;36.3;31.0;43.2
35144;LANGAN;21.1;25.0;27.8;37.0
35145;LANGON;264.4;506.6;260.3;500.1
35146;LANGOUET;20.5;23.5;25.1;30.9
22106;LANGUEUX;58.2;93.2;63.3;99.7
22113;LANNION;96.5;162.7;101.7;169.2
22114;LANRELAS;38.1;55.4;43.7;62.3
35148;LANRIGAN;35.9;42.5;40.0;49.6
22118;LANVALLAY;36.2;51.5;40.7;59.0
35149;LASSY;95.1;158.4;92.8;158.0
53128;LAUBRIERES;48.1;64.6;42.6;55.3
53130;LAVAL;53.6;84.3;48.5;75.0
54304;LAXOU;361.1;727.7;353.9;718.0
17051;LE BOIS PLAGE EN RE;172.8;272.4;167.3;265.6
27099;LE BOULAY MORIN;175.5;336.5;173.2;336.1
35091;LE CROUAIS;26.3;38.1;31.4;44.6
35111;LE FERRE;42.3;64.6;40.0;64.2
76351;LE HAVRE;150.7;281.2;150.0;281.1
22082;LE HINGLE;40.2;57.4;45.3;64.0
94043;LE KREMLIN BICETRE;179.1;349.7;171.9;340.1
35157;LE LOROUX;47.9;68.4;45.5;67.9
72181;LE MANS;93.1;162.4;85.6;152.8
44120;LE PELLERIN;81.6;131.3;77.8;124.8
35217;LE PERTRE;45.5;65.8;38.3;56.2
35218;LE PETIT FOUGERAY;26.5;32.8;21.0;26.0
95491;LE PLESSIS BOUCHARD;204.4;372.6;196.9;362.9
27464;LE PLESSIS GROHAN;181.5;353.7;180.5;353.6
78502;LE PORT MARLY;186.2;346.9;179.0;337.3
22263;LE QUIOU;35.7;44.7;39.8;51.8
29235;LE RELECQ KERHUON;138.9;238.8;145.0;245.7
35240;LE RHEU;12.3;12.8;16.2;14.1
35322;LE SEL DE BRETAGNE;26.3;34.3;20.8;27.5
56246;LE SOURN;71.9;112.7;77.1;119.2
35333;LE THEIL DE BRETAGNE;27.2;39.3;21.5;30.0
62826;LE TOUQUET PARIS PLAGE;246.1;478.9;243.8;478.4
56252;LE TOUR DU PARC;80.7;127.9;85.1;132.6
35362;LE TRONCHET;98.7;176.4;91.5;166.7
35351;LE VERGER;17.8;21.6;22.2;26.3
22387;LE VIEUX MARCHE;95.8;159.0;101.7;165.9
35150;LECOUSSE;35.0;53.6;33.9;53.6
35046;LES BRULAIS;41.3;54.9;38.0;50.6
22035;LES CHAMPS GERAUX;33.0;50.1;38.4;57.5
78165;LES CLAYES SOUS BOIS;183.7;340.9;176.5;331.3
56060;LES FOUGERETS;51.8;69.3;52.1;69.9
35134;LES IFFS;24.9;30.1;29.0;37.2
50274;LES LOGES MARCHIS;57.8;83.6;55.5;83.2
78440;LES MUREAUX;193.5;362.5;186.3;352.8
92044;LEVALLOIS PERRET;188.4;357.7;183.4;348.4
35151;LIEURON;33.0;42.5;31.6;42.6
35152;LIFFRE;21.4;24.0;19.0;23.6
59350;LILLE;294.6;575.2;292.3;574.7
78335;LIMAY;187.4;373.0;186.7;372.9
87085;LIMOGES;272.4;440.4;273.3;479.5
14365;LION SUR MER;111.4;202.2;109.1;201.7
35154;LIVRE SUR CHANGEON;30.6;41.1;28.2;40.6
29135;LOCTUDY;142.0;239.0;146.4;243.7
29137;LOGONNA DAOULAS;138.4;223.5;144.3;230.4
35155;LOHEAC;27.6;37.8;26.2;38.0
53137;LOIRON RUILLE;44.7;67.4;37.5;57.8
45185;LOMBREUIL;220.8;408.7;213.5;399.0
59356;LOMPRET;301.5;587.2;300.6;587.1
35156;LONGAULNAY;27.1;36.2;31.7;43.6
59359;LOON PLAGE;282.9;559.2;281.6;559.1
29140;LOPERHET;134.8;222.2;140.5;229.1
56121;LORIENT;92.0;152.4;96.4;157.1
22133;LOSCOUET SUR MEU;31.5;46.8;36.6;53.4
22136;LOUDEAC;55.7;87.7;60.9;94.2
35159;LOURMAIS;35.8;46.2;40.3;53.6
53140;LOUVERNE;51.6;85.3;46.5;76.0
27375;LOUVIERS;165.5;322.0;162.4;321.5
35161;LOUVIGNE DE BAIS;32.6;46.6;25.4;36.9
35162;LOUVIGNE DU DESERT;49.3;75.4;48.3;75.3
56122;LOYAT;48.4;69.4;53.5;75.9
28220;LUISANT;137.8;265.4;130.3;255.7
69384;LYON 04;422.2;841.8;415.0;832.1
69385;LYON 05;422.1;841.7;414.9;832.1
70321;MAGNY VERNOIS;387.2;709.9;379.5;700.3
57431;MAIZEROY;351.2;695.2;343.9;685.6
56123;MALANSAC;62.4;84.1;61.1;84.3
84070;MALEMORT DU COMTAT;502.3;979.0;497.3;969.7
25364;MAMIROLLE;367.2;735.9;359.2;726.2
50288;MARCEY LES GREVES;50.5;88.4;48.2;87.9
35164;MARCILLE RAOUL;38.0;45.2;38.9;49.3
35165;MARCILLE ROBERT;36.3;47.6;29.0;38.0
69281;MARENNES;190.1;306.2;186.2;299.7
78372;MARLY LE ROI;180.8;343.5;175.6;334.2
35166;MARPIRE;31.3;38.0;24.1;28.3
13207;MARSEILLE 07;284.5;556.0;282.6;556.6
35167;MARTIGNE FERCHAUD;34.5;52.2;29.1;43.0
44092;MASSERAC;46.3;63.1;44.9;63.3
22143;MATIGNON;70.2;104.9;71.7;100.2
49244;MAUGES SUR LOIRE;95.1;126.2;87.7;116.5
78383;MAUREPAS;256.2;497.7;253.8;497.3
56127;MAURON;37.5;55.3;42.6;61.8
35169;MAXENT;208.3;409.6;206.0;409.2
53147;MAYENNE;68.4;109.1;63.3;99.8
35170;MECE;34.1;44.5;31.8;44.0
35171;MEDREAC;27.5;37.6;33.1;44.5
22145;MEGRIT;39.3;58.4;44.9;65.3
35172;MEILLAC;33.4;43.2;38.0;50.6
35173;MELESSE;15.2;14.9;20.6;22.3
29146;MELGVEN;112.3;189.0;115.4;193.4
56129;MENEAC;43.2;67.2;49.0;74.1
22147;MERDRIGNAC;37.1;59.2;42.3;65.7
35175;MERNEL;34.8;45.9;33.4;46.1
92048;MEUDON;180.6;348.8;173.3;339.1
35178;MEZIERES SUR COUESNON;26.2;36.5;25.2;36.5
86157;MIGNALOUX BEAUVOIR;184.6;348.9;180.4;357.3
35179;MINIAC MORVAN;35.9;53.7;40.0;60.8
35180;MINIAC SOUS BECHEREL;27.7;34.7;32.8;41.2
44098;MISSILLAC;65.7;90.7;64.4;90.8
56133;MISSIRIAC;51.5;76.1;54.6;80.4
29150;MOELAN SUR MER;107.3;175.7;110.7;180.4
56135;MOLAC;56.9;88.8;59.9;93.1
35183;MONDEVERT;36.2;54.5;29.0;44.8
35186;MONT DOL;45.8;70.7;49.9;77.8
76451;MONT ST AIGNAN;170.1;322.5;168.0;322.1
35184;MONTAUBAN DE BRETAGNE;21.1;29.6;26.8;36.5
72205;MONTBIZOT;96.5;171.1;89.3;161.4
53155;MONTENAY;58.0;80.1;55.3;89.5
56136;MONTENEUF;40.7;54.7;44.1;59.4
35187;MONTERFIL;23.2;26.1;26.3;30.4
35188;MONTFORT SUR MEU;20.5;26.0;27.0;32.9
35189;MONTGERMONT;9.4;7.7;14.8;15.1
35190;MONTHAULT;53.8;76.9;51.4;76.4
71313;MONTHELON;267.9;497.1;260.6;487.4
41145;MONTHOU SUR BIEVRE;168.6;305.1;161.4;295.5
49214;MONTREUIL JUIGNE;78.4;125.5;71.0;115.8
35193;MONTREUIL LE GAST;18.9;22.2;22.9;29.3
35194;MONTREUIL SOUS PEROUSE;39.3;54.2;32.1;44.5
35195;MONTREUIL SUR ILLE;27.2;28.3;31.8;38.1
49218;MONTREVAULT SUR EVRE;98.9;131.5;91.6;121.8
92049;MONTROUGE;181.2;350.8;174.0;341.2
37159;MONTS;223.1;414.8;220.4;388.2
53161;MONTSURS;65.6;101.1;58.3;91.5
35196;MORDELLES;16.8;16.2;20.5;21.5
29151;MORLAIX;107.9;184.0;114.0;190.9
85151;MORTAGNE SUR SEVRE;105.2;173.4;99.7;166.5
35197;MOUAZE;19.3;22.5;20.2;26.6
85153;MOUCHAMPS;113.0;186.7;109.1;180.2
85155;MOUILLERON LE CAPTIF;112.1;183.0;106.6;176.2
53162;MOULAY;64.0;104.4;56.3;94.8
35198;MOULINS;284.3;566.6;276.6;556.9
35200;MOUTIERS;328.5;654.4;322.9;645.1
35201;MUEL;32.9;41.0;38.0;47.6
25418;NANCRAY;368.5;736.4;361.3;726.8
54395;NANCY;367.8;726.4;360.5;716.7
44109;NANTES;69.2;110.8;65.4;104.3
41158;NAVEIL;141.4;237.1;134.1;227.4
47195;NERAC;311.0;588.8;305.5;582.0
29153;NEVEZ;150.7;281.2;150.0;281.1
59431;NIEPPE;304.7;593.7;302.4;593.3
35204;NOUVOITOU;19.3;21.3;11.9;11.6
35206;NOYAL CHATILLON SUR SEICHE;13.5;15.6;6.8;6.0
35205;NOYAL SOUS BAZOUGES;42.0;47.5;44.1;53.9
35207;NOYAL SUR VILAINE;16.8;21.4;11.3;12.1
76481;OCTEVILLE SUR MER;153.1;287.3;152.4;287.2
35208;ORGERES;128.1;248.4;120.9;238.8
45234;ORLEANS;185.1;307.6;176.3;346.7
69148;ORLIENAS;386.9;749.8;379.5;740.2
91471;ORSAY;167.7;330.3;160.5;320.7
50388;ORVAL SUR SIENNE;96.4;138.1;95.4;138.0
44114;ORVAULT;64.8;106.1;59.3;99.3
45240;OUTARVILLE;178.8;320.6;171.6;310.9
35210;PACE;110.1;160.9;102.3;151.3
22162;PAIMPOL;89.1;140.6;94.3;147.1
35211;PAIMPONT;34.6;42.3;38.0;47.0
35212;PANCE;23.7;33.3;19.9;26.8
35214;PARCE;44.5;63.3;42.2;62.9
35215;PARIGNE;44.7;62.2;42.4;61.8
72231;PARIGNE L EVEQUE;126.4;226.1;119.2;216.4
75103;PARIS 03;203.0;386.9;197.4;377.6
75105;PARIS 05;203.0;387.0;197.5;377.7
75106;PARIS 06;178.4;349.0;173.1;339.7
75109;PARIS 09;205.3;387.4;198.1;377.7
75111;PARIS 11;380.2;709.7;373.0;700.1
75113;PARIS 13;73.7;113.3;68.3;106.5
75114;PARIS 14;197.3;363.8;189.6;354.1
75115;PARIS 15;72.6;112.9;68.8;106.5
75116;PARIS 16;231.2;404.0;225.7;397.2
75117;PARIS 17;73.8;113.3;68.8;106.5
75118;PARIS 18;232.5;445.8;225.3;436.1
75119;PARIS 19;181.9;351.3;174.7;341.7
35216;PARTHENAY DE BRETAGNE;16.0;17.4;21.2;24.0
56154;PEILLAC;57.0;80.1;55.6;80.2
61309;PERCHE EN NOCE;125.4;224.1;120.2;214.8
50393;PERCY EN NORMANDIE;66.1;118.0;63.8;117.6
74211;PERS JUSSY;433.3;875.7;426.1;866.1
35219;PIPRIAC;29.8;44.9;30.1;45.4
29160;PLABENNEC;136.4;233.7;142.3;240.5
22171;PLAINTEL;62.3;105.3;68.6;112.2
22172;PLANCOET;56.3;77.0;61.5;83.5
35221;PLECHATEL;30.0;39.0;24.5;32.2
22176;PLEDRAN;61.2;98.0;67.1;106.1
35222;PLEINE FOUGERES;51.0;61.4;53.3;84.7
35223;PLELAN LE GRAND;26.7;35.7;29.7;40.0
22180;PLELAN LE PETIT;47.5;66.3;52.6;72.8
22182;PLELO;71.3;115.7;76.5;122.2
22186;PLENEUF VAL ANDRE;63.1;98.1;68.5;104.8
35224;PLERGUER;38.3;56.8;42.4;63.9
22187;PLERIN;60.7;99.5;65.8;106.0
35225;PLESDER;27.1;41.0;32.9;48.8
22189;PLESIDY;87.0;134.0;93.3;140.8
22190;PLESLIN TRIGAVOU;46.7;69.5;50.7;76.6
22197;PLEUDIHEN SUR RANCE;39.7;55.6;44.3;63.0
35226;PLEUGUENEUC;26.7;40.4;32.1;47.9
35227;PLEUMELEUC;17.2;21.2;22.3;27.7
22198;PLEUMEUR BODOU;104.2;171.5;109.4;178.0
35228;PLEURTUIT;47.6;72.8;53.1;80.2
56162;PLOEMEUR;95.4;157.5;98.5;161.8
56164;PLOEREN;73.5;119.2;76.6;123.6
56165;PLOERMEL;42.7;67.3;47.1;71.9
29170;PLOMELIN;132.4;220.0;135.4;224.3
22207;PLOUARET;96.8;162.8;102.7;169.7
22208;PLOUASNE;29.9;37.6;35.1;44.1
56166;PLOUAY;98.4;147.9;103.1;153.0
29183;PLOUEGAT MOYSAN;95.0;164.8;101.9;172.0
22213;PLOUER SUR RANCE;41.7;63.5;45.8;70.6
29186;PLOUEZOC H;113.6;189.7;119.8;196.5
29189;PLOUGASTEL DAOULAS;138.1;226.8;143.2;233.3
22218;PLOUGRESCANT;108.0;160.0;113.2;166.5
22222;PLOUHA;78.9;123.6;85.3;130.4
56168;PLOUHARNEL;87.7;141.0;90.8;145.3
22225;PLOUMAGOAR;76.7;128.9;82.4;135.8
22226;PLOUMILLIAU;105.8;171.5;111.0;178.0
22240;PLUMAUGAT;33.0;48.4;38.6;55.3
56177;PLUVIGNER;83.9;130.6;87.3;135.3
35229;POCE LES BOIS;34.5;46.8;27.3;37.1
2B242;POGGIO MEZZANA;999.3;1471.2;992.1;1461.6
78498;POISSY;189.8;355.9;182.6;346.2
86194;POITIERS;182.9;335.7;177.6;328.9
35231;POLIGNE;23.2;31.6;17.7;24.7
17284;PONT L ABBE D ARNOULT;186.8;300.7;183.0;294.2
35363;PONT PEAN;16.0;17.6;10.5;10.8
44130;PONT ST MARTIN;82.4;126.7;77.9;120.7
56178;PONTIVY;68.5;109.1;73.6;115.6
50410;PONTORSON;51.3;80.3;50.3;80.2
56180;PORCARO;37.7;52.2;40.8;56.5
22251;PORDIC;63.4;105.3;70.3;112.5
44132;PORNICHET;93.6;138.9;88.1;132.1
53182;PORT BRILLET;45.9;69.2;40.3;59.9
56181;PORT LOUIS;94.9;151.9;97.9;156.2
14516;POTIGNY;110.0;210.1;109.0;210.0
76509;PREAUX;177.6;331.8;175.2;331.3
72244;PRECIGNE;92.9;154.8;87.9;145.5
61339;PUTANGES LE LAC;138.8;178.7;133.6;169.4
35233;QUEBRIAC;25.4;32.4;30.0;39.9
35234;QUEDILLAC;25.6;39.1;30.8;45.6
56184;QUESTEMBERT;63.1;96.5;66.2;100.8
29232;QUIMPER;126.7;214.2;130.1;218.9
22262;QUINTIN;68.2;111.3;73.9;118.2
61344;RANES;113.6;165.8;104.6;157.6
35235;RANNEE;39.3;52.9;33.6;43.5
35236;REDON;46.3;68.1;45.4;68.0
50429;REGNEVILLE SUR MER;89.8;141.7;87.4;141.3
53188;RENAZE;50.8;77.7;43.4;68.0
35238;RENNES;5.1;2.6;11.0;5.3
35239;RETIERS;29.6;42.0;22.3;32.4
61349;RI;;;;
35242;RIMOU;36.3;45.7;37.2;49.9
37203;ROCHECORBON;136.7;260.9;129.2;251.3
35243;ROMAGNE;264.2;491.2;259.0;484.4
35245;ROMILLE;17.1;20.3;22.2;26.8
59512;ROUBAIX;302.2;584.9;299.6;584.4
76540;ROUEN;164.1;317.4;163.3;317.3
44146;ROUGE;45.3;56.7;38.9;44.9
27497;ROUGEMONTIERS;144.6;279.9;143.8;279.8
17306;ROYAN;204.9;321.8;199.4;315.0
35246;ROZ LANDRIEUX;41.4;64.5;46.0;71.9
56200;RUFFIAC;288.7;553.3;283.2;546.4
35248;SAINS;297.1;553.1;290.5;559.6
64499;SALIES DE BEARN;351.7;664.1;346.2;657.2
2B305;SAN MARTINO DI LOTA;995.5;1475.0;964.7;1426.0
59553;SANTES;294.0;573.4;293.2;573.3
35321;SAULNIERES;163.3;300.4;156.1;290.8
44194;SAUTRON;70.2;112.8;64.8;105.9
45308;SEMOY;184.9;310.2;177.4;300.6
56243;SENE;72.3;113.7;75.7;118.4
35326;SENS DE BRETAGNE;27.6;36.1;29.9;40.6
35327;SERVON SUR VILAINE;21.3;27.9;14.1;18.3
22337;SEVIGNAC;38.7;63.1;45.2;69.9
72336;SOLESMES;291.3;551.6;289.0;551.2
14675;SOLIERS;102.0;193.2;99.6;192.8
22272;ST AGATHON;77.5;129.3;82.6;135.8
22273;ST ALBAN;349.0;691.3;343.5;684.5
18197;ST AMAND MONTROND;232.2;460.2;225.0;450.5
22274;ST ANDRE DES EAUX;38.8;47.2;42.8;54.3
44151;ST ANDRE DES EAUX;38.8;47.2;42.8;54.3
21540;ST APOLLINAIRE;316.8;633.4;309.6;623.7
35250;ST ARMEL;16.8;20.8;11.1;11.5
35251;ST AUBIN D AUBIGNE;192.3;328.4;188.5;322.0
44153;ST AUBIN DES CHATEAUX;51.1;60.6;45.6;53.8
35252;ST AUBIN DES LANDES;32.8;45.6;27.3;36.3
35253;ST AUBIN DU CORMIER;24.1;34.1;23.0;34.0
56206;ST AVE;69.8;107.8;73.2;112.5
49267;ST BARTHELEMY D ANJOU;412.5;806.3;404.9;796.6
35255;ST BENOIT DES ONDES;48.7;71.0;52.8;78.0
22278;ST BRIEUC;58.2;97.1;65.1;104.3
35258;ST BRIEUC DES IFFS;22.8;28.4;26.9;35.4
35259;ST BROLADRE;50.1;77.2;56.0;85.0
56210;ST CARADEC TREGOMEL;97.2;140.8;102.3;147.3
22281;ST CARREUC;67.1;95.7;73.3;102.7
91540;ST CHERON;297.7;554.5;290.5;544.9
50461;ST CYR;116.0;213.4;113.6;213.0
78545;ST CYR L ECOLE;177.3;335.0;170.0;325.4
53211;ST DENIS DE GASTINES;60.1;84.2;59.1;84.1
35264;ST DIDIER;285.9;559.2;277.9;549.5
56212;ST DOLAY;60.8;87.1;59.4;87.3
35265;ST DOMINEUC;25.3;35.2;29.4;42.3
53213;ST ELLIER DU MAINE;49.6;69.8;47.3;69.4
35266;ST ERBLON;18.1;19.2;11.4;8.8
76575;ST ETIENNE DU ROUVRAY;158.5;307.9;156.2;307.4
29247;ST EVARZEC;123.2;205.0;126.3;209.3
35271;ST GEORGES DE REINTEMBAULT;48.5;75.9;46.1;75.4
35272;ST GERMAIN DU PINEL;38.4;54.8;31.2;45.2
35273;ST GERMAIN EN COGLES;35.7;57.0;34.7;56.9
53224;ST GERMAIN LE FOUILLOUX;56.8;85.3;51.3;76.0
35274;ST GERMAIN SUR ILLE;19.8;24.9;22.0;29.4
35275;ST GILLES;255.8;483.8;250.7;474.5
35276;ST GONDRAN;20.5;26.5;25.0;33.9
35277;ST GONLAY;27.9;35.0;33.0;41.5
35278;ST GREGOIRE;8.9;6.1;15.8;16.5
22299;ST HELEN;35.6;49.4;39.7;56.5
35280;ST HILAIRE DES LANDES;34.2;50.0;31.9;49.6
50484;ST HILAIRE DU HARCOUET;59.8;97.2;57.5;96.7
35281;ST JACQUES DE LA LANDE;9.8;7.9;9.8;7.6
56221;ST JACUT LES PINS;54.3;77.5;52.9;77.6
50487;ST JAMES;41.0;68.9;38.6;68.4
56222;ST JEAN BREVELAY;65.7;99.6;68.7;103.9
45284;ST JEAN DE BRAYE;189.0;315.9;181.8;306.3
49288;ST JEAN DE LA CROIX;98.8;145.2;91.2;135.6
56223;ST JEAN LA POTERIE;52.6;73.1;51.1;73.3
35283;ST JEAN SUR VILAINE;27.7;34.4;20.5;24.7
22305;ST JOUAN DE L ISLE;25.8;41.8;32.7;49.0
35284;ST JOUAN DES GUERETS;41.4;63.4;45.5;70.4
22306;ST JUDOCE;32.1;42.7;38.0;50.5
22307;ST JULIEN;337.7;650.3;328.7;641.4
35285;ST JUST;274.2;451.1;268.9;444.3
22308;ST JUVAT;35.0;44.1;41.9;51.4
50505;ST LOUP;258.8;465.8;251.1;456.2
35287;ST LUNAIRE;51.0;77.0;56.4;84.4
35288;ST MALO;48.4;70.9;52.4;78.0
56226;ST MALO DE BEIGNON;34.8;48.2;37.9;52.5
35289;ST MALO DE PHILY;31.0;37.1;28.4;38.1
13095;ST MARC JAUMEGARDE;529.7;1048.9;522.4;1039.2
35292;ST MARC LE BLANC;36.9;45.8;34.7;45.4
53238;ST MARS SUR LA FUTAIE;55.0;74.4;52.7;73.9
38421;ST MARTIN D HERES;440.3;891.4;433.1;881.8
29254;ST MARTIN DES CHAMPS;238.2;433.8;233.1;424.4
60587;ST MARTIN LONGUEAU;228.9;432.3;221.2;422.7
35295;ST MAUGAN;27.9;37.5;33.0;44.1
33449;ST MEDARD EN JALLES;249.9;475.2;244.4;468.3
35296;ST MEDARD SUR ILLE;24.6;29.3;25.6;33.5
35297;ST MEEN LE GRAND;28.2;44.1;35.1;51.3
35299;ST MELOIR DES ONDES;45.3;67.6;49.4;74.7
42265;ST MICHEL SUR RHONE;401.6;771.5;394.4;761.9
44184;ST NAZAIRE;88.7;129.5;84.8;123.0
44185;ST NICOLAS DE REDON;46.8;69.7;45.3;69.9
56231;ST NOLFF;62.2;101.0;66.6;105.7
35302;ST ONEN LA CHAPELLE;27.8;41.7;33.4;48.5
35304;ST OUEN DES ALLEUX;31.7;41.1;29.4;40.6
97415;ST PAUL;333.9;669.4;326.7;659.8
35305;ST PERAN;26.7;33.5;31.1;38.1
35307;ST PERN;27.3;35.4;32.5;41.9
56233;ST PHILIBERT;320.5;633.8;315.4;624.5
53247;ST PIERRE LA COUR;43.0;61.3;35.8;51.6
45298;ST PRYVE ST MESMIN;184.1;356.3;176.1;346.7
35309;ST REMY DU PLAIN;34.1;41.3;35.0;45.5
22327;ST SAMSON SUR RANCE;41.4;56.8;45.5;63.9
53253;ST SATURNIN DU LIMET;53.7;80.8;46.3;71.1
35310;ST SAUVEUR DES LANDES;31.2;46.6;28.9;46.1
44190;ST SEBASTIEN SUR LOIRE;75.3;119.8;71.2;113.3
35311;ST SEGLIN;37.7;49.5;38.1;50.0
35312;ST SENOUX;27.4;32.4;26.1;32.6
56236;ST SERVANT;51.7;78.1;54.8;82.4
35314;ST SULIAC;41.9;63.4;46.0;70.5
35315;ST SULPICE LA FORET;20.3;22.8;21.2;26.9
35317;ST SYMPHORIEN;141.7;265.9;140.9;265.8
35318;ST THUAL;27.4;36.3;32.8;43.7
35319;ST THURIAL;19.8;23.5;22.9;27.8
35320;ST UNIAC;22.9;30.6;28.1;37.1
40284;ST VINCENT DE TYROSSE;322.8;622.0;317.3;615.2
22333;ST VRAN;44.7;67.6;49.9;74.2
35249;STE ANNE SUR VILAINE;43.5;58.4;38.0;51.5
35262;STE COLOMBE;182.5;338.7;180.2;338.3
69202;STE FOY LES LYON;374.3;740.7;368.7;731.4
85216;STE GEMME LA PLAINE;122.5;211.6;117.1;204.8
44172;STE LUCE SUR LOIRE;71.4;113.8;65.9;107.0
35294;STE MARIE;300.2;558.7;293.0;549.1
67482;STRASBOURG;418.1;835.8;410.9;826.2
44201;SUCE SUR ERDRE;65.8;104.0;62.0;97.5
56248;SURZUR;75.3;122.8;78.3;127.1
35330;TAILLIS;42.1;58.3;34.9;48.6
35331;TALENSAC;19.8;23.7;24.2;28.4
56249;TAUPONT;49.2;73.5;52.3;77.8
35332;TEILLAY;38.1;48.9;32.6;42.1
14685;THAON;107.0;190.4;104.3;190.0
56251;THEIX NOYALO;69.1;115.7;72.5;120.4
18263;THENIOUX;194.5;370.8;189.1;361.5
35334;THORIGNE FOUILLARD;17.2;17.1;12.6;12.9
44204;THOUARE SUR LOIRE;75.9;119.6;70.4;112.8
35335;THOURIE;35.1;44.7;29.4;35.3
35337;TINTENIAC;21.7;30.3;27.1;37.7
35338;TORCE;30.3;42.8;23.1;33.2
54528;TOUL;353.2;713.1;346.0;703.4
37261;TOURS;134.2;260.4;128.9;251.1
22341;TRAMAIN;39.9;66.0;46.4;72.9
35340;TREFFENDEL;23.0;29.7;26.0;34.0
35342;TREMEHEUC;34.7;43.8;38.8;50.9
22371;TREMOREL;33.5;51.1;38.7;57.7
35343;TRESBOEUF;30.8;40.7;23.5;31.0
35345;TREVERIEN;30.5;40.1;34.6;47.1
22380;TREVRON;41.7;58.0;47.3;64.9
35346;TRIMER;24.3;33.3;30.2;41.1
35347;VAL D IZE;86.6;131.8;79.4;122.2
54547;VANDOEUVRE LES NANCY;363.6;722.1;356.3;712.4
56260;VANNES;70.0;112.9;73.1;117.3
14739;VER SUR MER;116.3;208.4;115.3;208.3
37267;VERETZ;145.3;271.5;138.1;261.8
35350;VERGEAL;33.2;47.1;26.0;37.5
35352;VERN SUR SEICHE;15.4;17.0;8.0;7.3
49368;VERNANTES;118.9;199.5;111.5;189.8
78642;VERNEUIL SUR SEINE;193.5;360.8;186.2;351.2
44215;VERTOU;78.1;123.8;73.6;116.8
35353;VEZIN LE COQUET;10.5;10.5;16.1;17.4
60674;VIEUX MOULIN;237.5;444.8;232.4;435.5
35355;VIEUX VY SUR COUESNON;31.2;38.9;32.1;43.0
35356;VIGNOC;17.9;20.2;22.5;27.6
22388;VILDE GUINGALAN;46.7;64.5;51.9;71.0
35357;VILLAMEE;43.7;67.6;41.3;67.1
77516;VILLE ST JACQUES;213.8;409.5;206.6;399.9
69264;VILLEFRANCHE SUR SAONE;366.5;748.6;359.3;738.9
33550;VILLENAVE D ORNON;478.7;940.6;470.5;930.9
44218;VILLEPOT;40.1;60.5;32.7;50.8
54578;VILLERS LES NANCY;360.7;727.8;352.9;718.1
94080;VINCENNES;189.3;357.6;182.1;347.9
35359;VISSEICHE;40.7;44.5;33.3;34.8
35360;VITRE;36.0;48.9;30.5;39.6
22389;YFFINIAC;54.1;89.9;59.2;96.5
